time,phase,pos_x,pos_y,pos_z,force_x,force_y,force_z,force_magnitude,depth,target_force
0.067000,0,0.306876,0.000031,0.589151,0.000000,0.000000,0.050000,0.050000,-0.084151,10.000000
0.077000,1,0.306943,0.000027,0.588879,0.000000,0.000000,1.036089,1.036089,-0.083879,10.000000
0.087000,1,0.307027,0.000035,0.588550,0.000000,0.000000,1.180117,1.180117,-0.083550,10.000000
0.097000,1,0.307118,0.000039,0.588145,0.000000,0.000000,1.333338,1.333338,-0.083145,10.000000
0.107000,1,0.307210,0.000044,0.587687,0.000000,0.000000,1.458580,1.458580,-0.082687,10.000000
0.117000,1,0.307313,0.000053,0.587170,0.000000,0.000000,1.857317,1.857317,-0.082170,10.000000
0.127000,1,0.307412,0.000054,0.586597,0.000000,0.000000,1.957902,1.957902,-0.081597,10.000000
0.137000,1,0.307518,0.000064,0.585973,0.000000,0.000000,2.053088,2.053088,-0.080973,10.000000
0.147000,1,0.307626,0.000065,0.585297,0.000000,0.000000,2.482488,2.482488,-0.080297,10.000000
0.157000,1,0.307736,0.000072,0.584584,0.000000,0.000000,2.545277,2.545277,-0.079584,10.000000
0.167000,1,0.307849,0.000074,0.583817,0.000000,0.000000,2.623151,2.623151,-0.078817,10.000000
0.177000,1,0.307961,0.000076,0.583018,0.000000,0.000000,2.672865,2.672865,-0.078018,10.000000
0.187000,1,0.308083,0.000082,0.582180,0.000000,0.000000,3.003115,3.003115,-0.077180,10.000000
0.197000,1,0.308197,0.000081,0.581305,0.000000,0.000000,3.038393,3.038393,-0.076305,10.000000
0.207000,1,0.308317,0.000088,0.580395,0.000000,0.000000,3.072957,3.072957,-0.075395,10.000000
0.217000,1,0.308436,0.000088,0.579451,0.000000,0.000000,3.444094,3.444094,-0.074451,10.000000
0.227000,1,0.308555,0.000094,0.578485,0.000000,0.000000,3.451869,3.451869,-0.073485,10.000000
0.237000,1,0.308676,0.000094,0.577480,0.000000,0.000000,3.481142,3.481142,-0.072480,10.000000
0.247000,1,0.308793,0.000096,0.576456,0.000000,0.000000,3.481577,3.481577,-0.071456,10.000000
0.257000,1,0.308918,0.000101,0.575406,0.000000,0.000000,3.766887,3.766887,-0.070406,10.000000
0.267000,1,0.309034,0.000100,0.574331,0.000000,0.000000,3.759553,3.759553,-0.069331,10.000000
0.277000,1,0.309155,0.000109,0.573234,0.000000,0.000000,3.754367,3.754367,-0.068234,10.000000
0.287000,1,0.309272,0.000107,0.572113,0.000000,0.000000,4.087216,4.087216,-0.067113,10.000000
0.297000,1,0.309389,0.000115,0.570980,0.000000,0.000000,4.058787,4.058787,-0.065980,10.000000
0.307000,1,0.309507,0.000115,0.569818,0.000000,0.000000,4.056449,4.056449,-0.064818,10.000000
0.317000,1,0.309619,0.000119,0.568647,0.000000,0.000000,4.024454,4.024454,-0.063647,10.000000
0.327000,1,0.309738,0.000126,0.567458,0.000000,0.000000,4.280096,4.280096,-0.062458,10.000000
0.337000,1,0.309847,0.000125,0.566251,0.000000,0.000000,4.244774,4.244774,-0.061251,10.000000
0.347000,1,0.309959,0.000141,0.565030,0.000000,0.000000,4.213341,4.213341,-0.060030,10.000000
0.357000,1,0.310068,0.000141,0.563792,0.000000,0.000000,4.520915,4.520915,-0.058792,10.000000
0.367000,1,0.310175,0.000153,0.562550,0.000000,0.000000,4.468404,4.468404,-0.057550,10.000000
0.377000,1,0.310281,0.000161,0.561284,0.000000,0.000000,4.445483,4.445483,-0.056284,10.000000
0.387000,1,0.310383,0.000179,0.560016,0.000000,0.000000,4.392011,4.392011,-0.055016,10.000000
0.397000,1,0.310489,0.000109,0.558735,0.000000,0.000000,4.627793,4.627793,-0.053735,10.000000
0.407000,1,0.310586,0.000122,0.557442,0.000000,0.000000,4.574068,4.574068,-0.052442,10.000000
0.417000,1,0.310684,0.000122,0.556140,0.000000,0.000000,4.525227,4.525227,-0.051140,10.000000
0.427000,1,0.310779,0.000135,0.554826,0.000000,0.000000,4.815755,4.815755,-0.049826,10.000000
0.437000,1,0.310871,0.000146,0.553512,0.000000,0.000000,4.747275,4.747275,-0.048512,10.000000
0.447000,1,0.310963,0.000152,0.552179,0.000000,0.000000,4.710834,4.710834,-0.047179,10.000000
0.457000,1,0.311048,0.000151,0.550846,0.000000,0.000000,4.643281,4.643281,-0.045846,10.000000
0.467000,1,0.311139,0.000165,0.549506,0.000000,0.000000,4.865452,4.865452,-0.044506,10.000000
0.477000,1,0.311219,0.000170,0.548157,0.000000,0.000000,4.799591,4.799591,-0.043157,10.000000
0.487000,1,0.311301,0.000172,0.546802,0.000000,0.000000,4.739097,4.739097,-0.041802,10.000000
0.497000,1,0.311379,0.000180,0.545438,0.000000,0.000000,5.018023,5.018023,-0.040438,10.000000
0.507000,1,0.311454,0.000190,0.544077,0.000000,0.000000,4.938817,4.938817,-0.039077,10.000000
0.517000,1,0.311528,0.000195,0.542700,0.000000,0.000000,4.893516,4.893516,-0.037700,10.000000
0.527000,1,0.311596,0.000196,0.541327,0.000000,0.000000,4.816658,4.816658,-0.036327,10.000000
0.537000,1,0.311668,0.000209,0.539948,0.000000,0.000000,5.029345,5.029345,-0.034948,10.000000
0.547000,1,0.311730,0.000214,0.538563,0.000000,0.000000,4.955462,4.955462,-0.033563,10.000000
0.557000,1,0.311794,0.000218,0.537174,0.000000,0.000000,4.887095,4.887095,-0.032174,10.000000
0.567000,1,0.311853,0.000225,0.535779,0.000000,0.000000,5.157967,5.157967,-0.030779,10.000000
0.577000,1,0.311910,0.000235,0.534388,0.000000,0.000000,5.071496,5.071496,-0.029388,10.000000
0.587000,1,0.311964,0.000241,0.532984,0.000000,0.000000,5.020388,5.020388,-0.027984,10.000000
0.597000,1,0.312013,0.000243,0.531585,0.000000,0.000000,4.937387,4.937387,-0.026585,10.000000
0.607000,1,0.312066,0.000256,0.530182,0.000000,0.000000,5.143275,5.143275,-0.025182,10.000000
0.617000,1,0.312109,0.000261,0.528774,0.000000,0.000000,5.064087,5.064087,-0.023774,10.000000
0.627000,1,0.312153,0.000267,0.527365,0.000000,0.000000,4.990341,4.990341,-0.022365,10.000000
0.637000,1,0.312192,0.000274,0.525950,0.000000,0.000000,5.255461,5.255461,-0.020950,10.000000
0.647000,1,0.312230,0.000285,0.524542,0.000000,0.000000,5.164022,5.164022,-0.019542,10.000000
0.657000,1,0.312265,0.000291,0.523121,0.000000,0.000000,5.109112,5.109112,-0.018121,10.000000
0.667000,1,0.312294,0.000294,0.521707,0.000000,0.000000,5.022073,5.022073,-0.016707,10.000000
0.677000,1,0.312302,0.000376,0.521143,0.000000,0.000000,1.000000,1.000000,-0.016143,10.000000
0.687000,1,0.312291,0.000511,0.521136,0.000000,0.000000,1.000000,1.000000,-0.016136,10.000000
0.697000,1,0.312283,0.000622,0.521134,0.000000,0.000000,1.000000,1.000000,-0.016134,10.000000
0.707000,1,0.312274,0.000711,0.521130,0.000000,0.000000,1.000000,1.000000,-0.016130,10.000000
0.717000,1,0.312267,0.000782,0.521134,0.000000,0.000000,1.000000,1.000000,-0.016134,10.000000
0.727000,1,0.312261,0.000826,0.521127,0.000000,0.000000,1.000000,1.000000,-0.016127,10.000000
0.737000,1,0.312252,0.000855,0.521129,0.000000,0.000000,1.000000,1.000000,-0.016129,10.000000
0.747000,1,0.312252,0.000890,0.521130,0.000000,0.000000,1.000000,1.000000,-0.016130,10.000000
0.757000,1,0.312244,0.000913,0.521129,0.000000,0.000000,1.000000,1.000000,-0.016129,10.000000
0.767000,1,0.312241,0.000935,0.521128,0.000000,0.000000,1.000000,1.000000,-0.016128,10.000000
0.777000,1,0.312236,0.000957,0.521124,0.000000,0.000000,1.000000,1.000000,-0.016124,10.000000
0.787000,1,0.312233,0.000982,0.521129,0.000000,0.000000,1.000000,1.000000,-0.016129,10.000000
0.797000,1,0.312230,0.001001,0.521123,0.000000,0.000000,1.000000,1.000000,-0.016123,10.000000
0.807000,1,0.312225,0.001018,0.521125,0.000000,0.000000,1.000000,1.000000,-0.016125,10.000000
0.817000,1,0.312227,0.001044,0.521126,0.000000,0.000000,1.000000,1.000000,-0.016126,10.000000
0.827000,1,0.312222,0.001061,0.521124,0.000000,0.000000,1.000000,1.000000,-0.016124,10.000000
0.837000,1,0.312220,0.001080,0.521124,0.000000,0.000000,1.000000,1.000000,-0.016124,10.000000
0.847000,1,0.312218,0.001099,0.521120,0.000000,0.000000,1.000000,1.000000,-0.016120,10.000000
0.857000,1,0.312216,0.001122,0.521124,0.000000,0.000000,1.000000,1.000000,-0.016124,10.000000
0.867000,1,0.312214,0.001140,0.521118,0.000000,0.000000,1.000000,1.000000,-0.016118,10.000000
0.877000,1,0.312210,0.001154,0.521120,0.000000,0.000000,1.000000,1.000000,-0.016120,10.000000
0.887000,1,0.312213,0.001179,0.521121,0.000000,0.000000,1.000000,1.000000,-0.016121,10.000000
0.897000,1,0.312209,0.001195,0.521119,0.000000,0.000000,1.000000,1.000000,-0.016119,10.000000
0.907000,1,0.312208,0.001212,0.521119,0.000000,0.000000,1.000000,1.000000,-0.016119,10.000000
0.917000,1,0.312206,0.001230,0.521115,0.000000,0.000000,1.000000,1.000000,-0.016115,10.000000
0.927000,1,0.312204,0.001251,0.521119,0.000000,0.000000,1.000000,1.000000,-0.016119,10.000000
0.937000,1,0.312203,0.001267,0.521113,0.000000,0.000000,1.000000,1.000000,-0.016113,10.000000
0.947000,1,0.312200,0.001281,0.521115,0.000000,0.000000,1.000000,1.000000,-0.016115,10.000000
0.957000,1,0.312203,0.001304,0.521116,0.000000,0.000000,1.000000,1.000000,-0.016116,10.000000
0.967000,1,0.312199,0.001318,0.521115,0.000000,0.000000,1.000000,1.000000,-0.016115,10.000000
0.977000,1,0.312199,0.001335,0.521114,0.000000,0.000000,1.000000,1.000000,-0.016114,10.000000
0.987000,1,0.312197,0.001351,0.521110,0.000000,0.000000,1.000000,1.000000,-0.016110,10.000000
0.997000,1,0.312195,0.001371,0.521115,0.000000,0.000000,1.000000,1.000000,-0.016115,10.000000
1.007000,1,0.312194,0.001386,0.521109,0.000000,0.000000,1.000000,1.000000,-0.016109,10.000000
1.017000,1,0.312191,0.001398,0.521110,0.000000,0.000000,1.000000,1.000000,-0.016110,10.000000
1.027000,1,0.312195,0.001419,0.521111,0.000000,0.000000,1.000000,1.000000,-0.016111,10.000000
1.037000,1,0.312190,0.001433,0.521110,0.000000,0.000000,1.000000,1.000000,-0.016110,10.000000
1.047000,1,0.312190,0.001448,0.521109,0.000000,0.000000,1.000000,1.000000,-0.016109,10.000000
1.057000,1,0.312188,0.001463,0.521106,0.000000,0.000000,1.000000,1.000000,-0.016106,10.000000
1.067000,1,0.312187,0.001482,0.521110,0.000000,0.000000,1.000000,1.000000,-0.016110,10.000000
1.077000,1,0.312186,0.001496,0.521104,0.000000,0.000000,1.000000,1.000000,-0.016104,10.000000
1.087000,1,0.312183,0.001507,0.521106,0.000000,0.000000,1.000000,1.000000,-0.016106,10.000000
1.097000,1,0.312187,0.001527,0.521107,0.000000,0.000000,1.000000,1.000000,-0.016107,10.000000
1.107000,1,0.312182,0.001539,0.521106,0.000000,0.000000,1.000000,1.000000,-0.016106,10.000000
1.117000,1,0.312182,0.001554,0.521105,0.000000,0.000000,1.000000,1.000000,-0.016105,10.000000
1.127000,1,0.312180,0.001567,0.521102,0.000000,0.000000,1.000000,1.000000,-0.016102,10.000000
1.137000,1,0.312179,0.001585,0.521106,0.000000,0.000000,1.000000,1.000000,-0.016106,10.000000
1.147000,1,0.312179,0.001598,0.521100,0.000000,0.000000,1.000000,1.000000,-0.016100,10.000000
1.157000,1,0.312175,0.001608,0.521102,0.000000,0.000000,1.000000,1.000000,-0.016102,10.000000
1.167000,1,0.312179,0.001627,0.521103,0.000000,0.000000,1.000000,1.000000,-0.016103,10.000000
1.177000,1,0.312175,0.001638,0.521102,0.000000,0.000000,1.000000,1.000000,-0.016102,10.000000
1.187000,1,0.312175,0.001652,0.521101,0.000000,0.000000,1.000000,1.000000,-0.016101,10.000000
1.197000,1,0.312173,0.001664,0.521098,0.000000,0.000000,1.000000,1.000000,-0.016098,10.000000
1.207000,1,0.312172,0.001681,0.521102,0.000000,0.000000,1.000000,1.000000,-0.016102,10.000000
1.217000,1,0.312172,0.001692,0.521096,0.000000,0.000000,1.000000,1.000000,-0.016096,10.000000
1.227000,1,0.312168,0.001701,0.521098,0.000000,0.000000,1.000000,1.000000,-0.016098,10.000000
1.237000,1,0.312172,0.001720,0.521099,0.000000,0.000000,1.000000,1.000000,-0.016099,10.000000
1.247000,1,0.312168,0.001730,0.521098,0.000000,0.000000,1.000000,1.000000,-0.016098,10.000000
1.257000,1,0.312168,0.001742,0.521098,0.000000,0.000000,1.000000,1.000000,-0.016098,10.000000
1.267000,1,0.312166,0.001754,0.521094,0.000000,0.000000,1.000000,1.000000,-0.016094,10.000000
1.277000,1,0.312165,0.001770,0.521099,0.000000,0.000000,1.000000,1.000000,-0.016099,10.000000
1.287000,1,0.312165,0.001780,0.521093,0.000000,0.000000,1.000000,1.000000,-0.016093,10.000000
1.297000,1,0.312162,0.001788,0.521095,0.000000,0.000000,1.000000,1.000000,-0.016095,10.000000
1.307000,1,0.312166,0.001806,0.521096,0.000000,0.000000,1.000000,1.000000,-0.016096,10.000000
1.317000,1,0.312162,0.001815,0.521095,0.000000,0.000000,1.000000,1.000000,-0.016095,10.000000
1.327000,1,0.312162,0.001827,0.521094,0.000000,0.000000,1.000000,1.000000,-0.016094,10.000000
1.337000,1,0.312160,0.001837,0.521091,0.000000,0.000000,1.000000,1.000000,-0.016091,10.000000
1.347000,1,0.312159,0.001852,0.521095,0.000000,0.000000,1.000000,1.000000,-0.016095,10.000000
1.357000,1,0.312159,0.001862,0.521090,0.000000,0.000000,1.000000,1.000000,-0.016090,10.000000
1.367000,1,0.312155,0.001869,0.521091,0.000000,0.000000,1.000000,1.000000,-0.016091,10.000000
1.377000,1,0.312159,0.001885,0.521093,0.000000,0.000000,1.000000,1.000000,-0.016093,10.000000
1.387000,1,0.312155,0.001894,0.521092,0.000000,0.000000,1.000000,1.000000,-0.016092,10.000000
1.397000,1,0.312156,0.001905,0.521091,0.000000,0.000000,1.000000,1.000000,-0.016091,10.000000
1.407000,1,0.312154,0.001914,0.521088,0.000000,0.000000,1.000000,1.000000,-0.016088,10.000000
1.417000,1,0.312153,0.001929,0.521092,0.000000,0.000000,1.000000,1.000000,-0.016092,10.000000
1.427000,1,0.312153,0.001937,0.521087,0.000000,0.000000,1.000000,1.000000,-0.016087,10.000000
1.437000,1,0.312149,0.001944,0.521089,0.000000,0.000000,1.000000,1.000000,-0.016089,10.000000
1.447000,1,0.312154,0.001959,0.521090,0.000000,0.000000,1.000000,1.000000,-0.016090,10.000000
1.457000,1,0.312150,0.001967,0.521089,0.000000,0.000000,1.000000,1.000000,-0.016089,10.000000
1.467000,1,0.312150,0.001977,0.521088,0.000000,0.000000,1.000000,1.000000,-0.016088,10.000000
1.477000,1,0.312148,0.001986,0.521085,0.000000,0.000000,1.000000,1.000000,-0.016085,10.000000
1.487000,1,0.312148,0.001999,0.521090,0.000000,0.000000,1.000000,1.000000,-0.016090,10.000000
1.497000,1,0.312147,0.002007,0.521084,0.000000,0.000000,1.000000,1.000000,-0.016084,10.000000
1.507000,1,0.312144,0.002013,0.521086,0.000000,0.000000,1.000000,1.000000,-0.016086,10.000000
1.517000,1,0.312148,0.002028,0.521087,0.000000,0.000000,1.000000,1.000000,-0.016087,10.000000
1.527000,1,0.312144,0.002035,0.521086,0.000000,0.000000,1.000000,1.000000,-0.016086,10.000000
1.537000,1,0.312145,0.002044,0.521086,0.000000,0.000000,1.000000,1.000000,-0.016086,10.000000
1.547000,1,0.312143,0.002052,0.521082,0.000000,0.000000,1.000000,1.000000,-0.016082,10.000000
1.557000,1,0.312142,0.002065,0.521087,0.000000,0.000000,1.000000,1.000000,-0.016087,10.000000
1.567000,1,0.312142,0.002072,0.521081,0.000000,0.000000,1.000000,1.000000,-0.016081,10.000000
1.577000,1,0.312139,0.002077,0.521084,0.000000,0.000000,1.000000,1.000000,-0.016084,10.000000
1.587000,1,0.312143,0.002091,0.521085,0.000000,0.000000,1.000000,1.000000,-0.016085,10.000000
1.597000,1,0.312139,0.002097,0.521084,0.000000,0.000000,1.000000,1.000000,-0.016084,10.000000
1.607000,1,0.312140,0.002106,0.521084,0.000000,0.000000,1.000000,1.000000,-0.016084,10.000000
1.617000,1,0.312138,0.002113,0.521080,0.000000,0.000000,1.000000,1.000000,-0.016080,10.000000
1.627000,1,0.312138,0.002126,0.521085,0.000000,0.000000,1.000000,1.000000,-0.016085,10.000000
1.637000,1,0.312137,0.002132,0.521079,0.000000,0.000000,1.000000,1.000000,-0.016079,10.000000
1.647000,1,0.312134,0.002136,0.521081,0.000000,0.000000,1.000000,1.000000,-0.016081,10.000000
1.657000,1,0.312138,0.002150,0.521083,0.000000,0.000000,1.000000,1.000000,-0.016083,10.000000
1.667000,1,0.312135,0.002155,0.521082,0.000000,0.000000,1.000000,1.000000,-0.016082,10.000000
1.677000,1,0.312135,0.002163,0.521082,0.000000,0.000000,1.000000,1.000000,-0.016082,10.000000
1.687000,1,0.312134,0.002170,0.521078,0.000000,0.000000,1.000000,1.000000,-0.016078,10.000000
1.697000,1,0.312133,0.002182,0.521083,0.000000,0.000000,1.000000,1.000000,-0.016083,10.000000
1.707000,1,0.312133,0.002188,0.521077,0.000000,0.000000,1.000000,1.000000,-0.016077,10.000000
1.717000,1,0.312130,0.002191,0.521079,0.000000,0.000000,1.000000,1.000000,-0.016079,10.000000
1.727000,1,0.312134,0.002204,0.521081,0.000000,0.000000,1.000000,1.000000,-0.016081,10.000000
1.737000,1,0.312130,0.002209,0.521080,0.000000,0.000000,1.000000,1.000000,-0.016080,10.000000
1.747000,1,0.312131,0.002217,0.521080,0.000000,0.000000,1.000000,1.000000,-0.016080,10.000000
1.757000,1,0.312129,0.002223,0.521076,0.000000,0.000000,1.000000,1.000000,-0.016076,10.000000
1.767000,1,0.312129,0.002234,0.521081,0.000000,0.000000,1.000000,1.000000,-0.016081,10.000000
1.777000,1,0.312129,0.002239,0.521076,0.000000,0.000000,1.000000,1.000000,-0.016076,10.000000
1.787000,1,0.312126,0.002242,0.521078,0.000000,0.000000,1.000000,1.000000,-0.016078,10.000000
1.797000,1,0.312130,0.002255,0.521079,0.000000,0.000000,1.000000,1.000000,-0.016079,10.000000
1.807000,1,0.312126,0.002259,0.521078,0.000000,0.000000,1.000000,1.000000,-0.016078,10.000000
1.817000,1,0.312127,0.002266,0.521078,0.000000,0.000000,1.000000,1.000000,-0.016078,10.000000
1.827000,1,0.312126,0.002271,0.521075,0.000000,0.000000,1.000000,1.000000,-0.016075,10.000000
1.837000,1,0.312125,0.002282,0.521080,0.000000,0.000000,1.000000,1.000000,-0.016080,10.000000
1.847000,1,0.312125,0.002287,0.521074,0.000000,0.000000,1.000000,1.000000,-0.016074,10.000000
1.857000,1,0.312122,0.002289,0.521076,0.000000,0.000000,1.000000,1.000000,-0.016076,10.000000
1.867000,1,0.312126,0.002301,0.521078,0.000000,0.000000,1.000000,1.000000,-0.016078,10.000000
1.877000,1,0.312123,0.002305,0.521077,0.000000,0.000000,1.000000,1.000000,-0.016077,10.000000
1.887000,1,0.312123,0.002311,0.521077,0.000000,0.000000,1.000000,1.000000,-0.016077,10.000000
1.897000,1,0.312122,0.002316,0.521073,0.000000,0.000000,1.000000,1.000000,-0.016073,10.000000
1.907000,1,0.312122,0.002326,0.521078,0.000000,0.000000,1.000000,1.000000,-0.016078,10.000000
1.917000,1,0.312121,0.002331,0.521073,0.000000,0.000000,1.000000,1.000000,-0.016073,10.000000
1.927000,1,0.312118,0.002333,0.521075,0.000000,0.000000,1.000000,1.000000,-0.016075,10.000000
1.937000,1,0.312123,0.002344,0.521076,0.000000,0.000000,1.000000,1.000000,-0.016076,10.000000
1.947000,1,0.312119,0.002347,0.521076,0.000000,0.000000,1.000000,1.000000,-0.016076,10.000000
1.957000,1,0.312120,0.002353,0.521075,0.000000,0.000000,1.000000,1.000000,-0.016075,10.000000
1.967000,1,0.312119,0.002358,0.521072,0.000000,0.000000,1.000000,1.000000,-0.016072,10.000000
1.977000,1,0.312118,0.002368,0.521077,0.000000,0.000000,1.000000,1.000000,-0.016077,10.000000
1.987000,1,0.312118,0.002371,0.521071,0.000000,0.000000,1.000000,1.000000,-0.016071,10.000000
1.997000,1,0.312115,0.002373,0.521074,0.000000,0.000000,1.000000,1.000000,-0.016074,10.000000
2.007000,1,0.312120,0.002384,0.521075,0.000000,0.000000,1.000000,1.000000,-0.016075,10.000000
2.017000,1,0.312116,0.002387,0.521074,0.000000,0.000000,1.000000,1.000000,-0.016074,10.000000
2.027000,1,0.312117,0.002392,0.521074,0.000000,0.000000,1.000000,1.000000,-0.016074,10.000000
2.037000,1,0.312116,0.002397,0.521071,0.000000,0.000000,1.000000,1.000000,-0.016071,10.000000
2.047000,1,0.312115,0.002406,0.521076,0.000000,0.000000,1.000000,1.000000,-0.016076,10.000000
2.057000,1,0.312115,0.002409,0.521070,0.000000,0.000000,1.000000,1.000000,-0.016070,10.000000
2.067000,1,0.312112,0.002410,0.521073,0.000000,0.000000,1.000000,1.000000,-0.016073,10.000000
2.077000,1,0.312117,0.002421,0.521074,0.000000,0.000000,1.000000,1.000000,-0.016074,10.000000
2.087000,1,0.312113,0.002423,0.521073,0.000000,0.000000,1.000000,1.000000,-0.016073,10.000000
2.097000,1,0.312114,0.002428,0.521073,0.000000,0.000000,1.000000,1.000000,-0.016073,10.000000
2.107000,1,0.312113,0.002432,0.521070,0.000000,0.000000,1.000000,1.000000,-0.016070,10.000000
2.117000,1,0.312113,0.002441,0.521075,0.000000,0.000000,1.000000,1.000000,-0.016075,10.000000
2.127000,1,0.312112,0.002444,0.521070,0.000000,0.000000,1.000000,1.000000,-0.016070,10.000000
2.137000,1,0.312110,0.002445,0.521072,0.000000,0.000000,1.000000,1.000000,-0.016072,10.000000
2.147000,1,0.312114,0.002455,0.521073,0.000000,0.000000,1.000000,1.000000,-0.016073,10.000000
2.157000,1,0.312111,0.002457,0.521073,0.000000,0.000000,1.000000,1.000000,-0.016073,10.000000
2.167000,1,0.312112,0.002461,0.521073,0.000000,0.000000,1.000000,1.000000,-0.016073,10.000000
2.177000,1,0.312110,0.002465,0.521069,0.000000,0.000000,1.000000,1.000000,-0.016069,10.000000
2.187000,1,0.312110,0.002473,0.521074,0.000000,0.000000,1.000000,1.000000,-0.016074,10.000000
2.197000,1,0.312110,0.002476,0.521069,0.000000,0.000000,1.000000,1.000000,-0.016069,10.000000
2.207000,1,0.312107,0.002476,0.521071,0.000000,0.000000,1.000000,1.000000,-0.016071,10.000000
2.217000,1,0.312112,0.002486,0.521073,0.000000,0.000000,1.000000,1.000000,-0.016073,10.000000
2.227000,1,0.312109,0.002488,0.521072,0.000000,0.000000,1.000000,1.000000,-0.016072,10.000000
2.237000,1,0.312109,0.002492,0.521072,0.000000,0.000000,1.000000,1.000000,-0.016072,10.000000
2.247000,1,0.312108,0.002495,0.521069,0.000000,0.000000,1.000000,1.000000,-0.016069,10.000000
2.257000,1,0.312108,0.002503,0.521074,0.000000,0.000000,1.000000,1.000000,-0.016074,10.000000
2.267000,1,0.312108,0.002505,0.521068,0.000000,0.000000,1.000000,1.000000,-0.016068,10.000000
2.277000,1,0.312105,0.002506,0.521071,0.000000,0.000000,1.000000,1.000000,-0.016071,10.000000
2.287000,1,0.312110,0.002515,0.521072,0.000000,0.000000,1.000000,1.000000,-0.016072,10.000000
2.297000,1,0.312106,0.002516,0.521072,0.000000,0.000000,1.000000,1.000000,-0.016072,10.000000
2.307000,1,0.312107,0.002520,0.521071,0.000000,0.000000,1.000000,1.000000,-0.016071,10.000000
2.317000,1,0.312106,0.002523,0.521068,0.000000,0.000000,1.000000,1.000000,-0.016068,10.000000
2.327000,1,0.312106,0.002531,0.521073,0.000000,0.000000,1.000000,1.000000,-0.016073,10.000000
2.337000,1,0.312106,0.002533,0.521068,0.000000,0.000000,1.000000,1.000000,-0.016068,10.000000
2.347000,1,0.312103,0.002533,0.521070,0.000000,0.000000,1.000000,1.000000,-0.016070,10.000000
2.357000,1,0.312108,0.002542,0.521072,0.000000,0.000000,1.000000,1.000000,-0.016072,10.000000
2.367000,1,0.312105,0.002543,0.521071,0.000000,0.000000,1.000000,1.000000,-0.016071,10.000000
2.377000,1,0.312105,0.002547,0.521071,0.000000,0.000000,1.000000,1.000000,-0.016071,10.000000
2.387000,1,0.312104,0.002549,0.521068,0.000000,0.000000,1.000000,1.000000,-0.016068,10.000000
2.397000,1,0.312104,0.002556,0.521073,0.000000,0.000000,1.000000,1.000000,-0.016073,10.000000
2.407000,1,0.312104,0.002558,0.521068,0.000000,0.000000,1.000000,1.000000,-0.016068,10.000000
2.417000,1,0.312102,0.002558,0.521070,0.000000,0.000000,1.000000,1.000000,-0.016070,10.000000
2.427000,1,0.312106,0.002566,0.521072,0.000000,0.000000,1.000000,1.000000,-0.016072,10.000000
2.437000,1,0.312103,0.002567,0.521071,0.000000,0.000000,1.000000,1.000000,-0.016071,10.000000
2.447000,1,0.312104,0.002570,0.521071,0.000000,0.000000,1.000000,1.000000,-0.016071,10.000000
2.457000,1,0.312103,0.002572,0.521068,0.000000,0.000000,1.000000,1.000000,-0.016068,10.000000
2.467000,1,0.312103,0.002578,0.521073,0.000000,0.000000,1.000000,1.000000,-0.016073,10.000000
2.477000,1,0.312103,0.002579,0.521068,0.000000,0.000000,1.000000,1.000000,-0.016068,10.000000
2.487000,1,0.312101,0.002579,0.521070,0.000000,0.000000,1.000000,1.000000,-0.016070,10.000000
2.497000,1,0.312106,0.002587,0.521072,0.000000,0.000000,1.000000,1.000000,-0.016072,10.000000
2.507000,1,0.312103,0.002587,0.521071,0.000000,0.000000,1.000000,1.000000,-0.016071,10.000000
2.517000,1,0.312104,0.002590,0.521071,0.000000,0.000000,1.000000,1.000000,-0.016071,10.000000
2.527000,1,0.312103,0.002591,0.521068,0.000000,0.000000,1.000000,1.000000,-0.016068,10.000000
2.537000,1,0.312104,0.002598,0.521073,0.000000,0.000000,1.000000,1.000000,-0.016073,10.000000
2.547000,1,0.312104,0.002598,0.521068,0.000000,0.000000,1.000000,1.000000,-0.016068,10.000000
2.557000,1,0.312102,0.002597,0.521070,0.000000,0.000000,1.000000,1.000000,-0.016070,10.000000
2.567000,1,0.312107,0.002605,0.521072,0.000000,0.000000,1.000000,1.000000,-0.016072,10.000000
2.577000,1,0.312104,0.002605,0.521071,0.000000,0.000000,1.000000,1.000000,-0.016071,10.000000
2.587000,1,0.312105,0.002608,0.521071,0.000000,0.000000,1.000000,1.000000,-0.016071,10.000000
2.597000,1,0.312104,0.002609,0.521068,0.000000,0.000000,1.000000,1.000000,-0.016068,10.000000
2.607000,1,0.312104,0.002615,0.521073,0.000000,0.000000,1.000000,1.000000,-0.016073,10.000000
2.617000,1,0.312105,0.002616,0.521068,0.000000,0.000000,1.000000,1.000000,-0.016068,10.000000
2.627000,1,0.312103,0.002615,0.521070,0.000000,0.000000,1.000000,1.000000,-0.016070,10.000000
2.637000,1,0.312108,0.002622,0.521072,0.000000,0.000000,1.000000,1.000000,-0.016072,10.000000
2.647000,1,0.312105,0.002622,0.521071,0.000000,0.000000,1.000000,1.000000,-0.016071,10.000000
2.657000,1,0.312106,0.002625,0.521071,0.000000,0.000000,1.000000,1.000000,-0.016071,10.000000
2.667000,1,0.312105,0.002626,0.521068,0.000000,0.000000,1.000000,1.000000,-0.016068,10.000000
2.677000,1,0.312105,0.002632,0.521073,0.000000,0.000000,1.000000,1.000000,-0.016073,10.000000
2.687000,1,0.312106,0.002632,0.521068,0.000000,0.000000,1.000000,1.000000,-0.016068,10.000000
2.697000,1,0.312104,0.002631,0.521070,0.000000,0.000000,1.000000,1.000000,-0.016070,10.000000
2.707000,1,0.312109,0.002638,0.521072,0.000000,0.000000,1.000000,1.000000,-0.016072,10.000000
2.717000,1,0.312106,0.002638,0.521071,0.000000,0.000000,1.000000,1.000000,-0.016071,10.000000
2.727000,1,0.312107,0.002640,0.521071,0.000000,0.000000,1.000000,1.000000,-0.016071,10.000000
2.737000,1,0.312106,0.002641,0.521068,0.000000,0.000000,1.000000,1.000000,-0.016068,10.000000
2.747000,1,0.312106,0.002647,0.521073,0.000000,0.000000,1.000000,1.000000,-0.016073,10.000000
2.757000,1,0.312107,0.002647,0.521068,0.000000,0.000000,1.000000,1.000000,-0.016068,10.000000
2.767000,1,0.312104,0.002645,0.521070,0.000000,0.000000,1.000000,1.000000,-0.016070,10.000000
2.777000,1,0.312110,0.002653,0.521072,0.000000,0.000000,1.000000,1.000000,-0.016072,10.000000
2.787000,1,0.312107,0.002652,0.521071,0.000000,0.000000,1.000000,1.000000,-0.016071,10.000000
2.797000,1,0.312108,0.002654,0.521071,0.000000,0.000000,1.000000,1.000000,-0.016071,10.000000
2.807000,1,0.312107,0.002655,0.521068,0.000000,0.000000,1.000000,1.000000,-0.016068,10.000000
2.817000,1,0.312107,0.002661,0.521073,0.000000,0.000000,1.000000,1.000000,-0.016073,10.000000
2.827000,1,0.312108,0.002661,0.521068,0.000000,0.000000,1.000000,1.000000,-0.016068,10.000000
2.837000,1,0.312105,0.002659,0.521070,0.000000,0.000000,1.000000,1.000000,-0.016070,10.000000
2.847000,1,0.312110,0.002666,0.521072,0.000000,0.000000,1.000000,1.000000,-0.016072,10.000000
2.857000,1,0.312107,0.002666,0.521071,0.000000,0.000000,1.000000,1.000000,-0.016071,10.000000
2.867000,1,0.312109,0.002668,0.521071,0.000000,0.000000,1.000000,1.000000,-0.016071,10.000000
2.877000,1,0.312108,0.002668,0.521068,0.000000,0.000000,1.000000,1.000000,-0.016068,10.000000
2.887000,1,0.312108,0.002674,0.521074,0.000000,0.000000,1.000000,1.000000,-0.016074,10.000000
2.897000,1,0.312108,0.002674,0.521068,0.000000,0.000000,1.000000,1.000000,-0.016068,10.000000
2.907000,1,0.312106,0.002672,0.521071,0.000000,0.000000,1.000000,1.000000,-0.016071,10.000000
2.917000,1,0.312111,0.002679,0.521072,0.000000,0.000000,1.000000,1.000000,-0.016072,10.000000
2.927000,1,0.312108,0.002678,0.521072,0.000000,0.000000,1.000000,1.000000,-0.016072,10.000000
2.937000,1,0.312109,0.002680,0.521072,0.000000,0.000000,1.000000,1.000000,-0.016072,10.000000
2.947000,1,0.312109,0.002681,0.521069,0.000000,0.000000,1.000000,1.000000,-0.016069,10.000000
2.957000,1,0.312109,0.002686,0.521074,0.000000,0.000000,1.000000,1.000000,-0.016074,10.000000
2.967000,1,0.312109,0.002686,0.521069,0.000000,0.000000,1.000000,1.000000,-0.016069,10.000000
2.977000,1,0.312107,0.002684,0.521071,0.000000,0.000000,1.000000,1.000000,-0.016071,10.000000
2.987000,1,0.312112,0.002691,0.521073,0.000000,0.000000,1.000000,1.000000,-0.016073,10.000000
2.997000,1,0.312109,0.002690,0.521072,0.000000,0.000000,1.000000,1.000000,-0.016072,10.000000
3.007000,1,0.312110,0.002692,0.521072,0.000000,0.000000,1.000000,1.000000,-0.016072,10.000000
3.017000,1,0.312110,0.002692,0.521069,0.000000,0.000000,1.000000,1.000000,-0.016069,10.000000
3.027000,1,0.312110,0.002697,0.521074,0.000000,0.000000,1.000000,1.000000,-0.016074,10.000000
3.037000,1,0.312110,0.002697,0.521069,0.000000,0.000000,1.000000,1.000000,-0.016069,10.000000
3.047000,1,0.312108,0.002695,0.521071,0.000000,0.000000,1.000000,1.000000,-0.016071,10.000000
3.057000,1,0.312113,0.002702,0.521073,0.000000,0.000000,1.000000,1.000000,-0.016073,10.000000
3.067000,1,0.312110,0.002701,0.521073,0.000000,0.000000,1.000000,1.000000,-0.016073,10.000000
3.077000,2,0.312113,0.002632,0.521070,0.000000,0.000000,2.740363,2.740363,-0.016070,10.000000
3.087000,2,0.312114,0.002416,0.521063,0.000000,0.000000,5.960357,5.960357,-0.016063,10.000000
3.097000,2,0.312115,0.002071,0.521064,0.000000,0.000000,8.725900,8.725900,-0.016064,10.000000
3.107000,2,0.312120,0.001598,0.521056,0.000000,0.000000,10.954149,10.954149,-0.016056,10.000000
3.117000,2,0.312123,0.001017,0.521058,0.000000,0.000000,10.293023,10.293023,-0.016058,10.000000
3.127000,2,0.312128,0.000318,0.521051,0.000000,0.000000,10.281975,10.281975,-0.016051,10.000000
3.137000,2,0.312127,-0.000488,0.521050,0.000000,0.000000,10.073378,10.073378,-0.016050,10.000000
3.147000,2,0.312130,-0.001395,0.521046,0.000000,0.000000,10.298521,10.298521,-0.016046,10.000000
3.157000,2,0.312130,-0.002403,0.521049,0.000000,0.000000,10.359331,10.359331,-0.016049,10.000000
3.167000,2,0.312132,-0.003502,0.521051,0.000000,0.000000,10.337827,10.337827,-0.016051,10.000000
3.177000,2,0.312135,-0.004689,0.521049,0.000000,0.000000,10.381976,10.381976,-0.016049,10.000000
3.187000,2,0.312135,-0.005962,0.521052,0.000000,0.000000,10.253319,10.253319,-0.016052,10.000000
3.197000,2,0.312135,-0.007317,0.521045,0.000000,0.000000,10.320589,10.320589,-0.016045,10.000000
3.207000,2,0.312140,-0.008746,0.521044,0.000000,0.000000,10.183951,10.183951,-0.016044,10.000000
3.217000,2,0.312131,-0.010250,0.521047,0.000000,0.000000,10.279039,10.279039,-0.016047,10.000000
3.227000,2,0.312126,-0.011818,0.521048,0.000000,0.000000,10.380311,10.380311,-0.016048,10.000000
3.237000,2,0.312118,-0.013447,0.521053,0.000000,0.000000,10.272291,10.272291,-0.016053,10.000000
3.247000,2,0.312110,-0.015137,0.521048,0.000000,0.000000,10.340686,10.340686,-0.016048,10.000000
3.257000,2,0.312107,-0.016878,0.521048,0.000000,0.000000,10.208014,10.208014,-0.016048,10.000000
3.267000,2,0.312089,-0.018671,0.521052,0.000000,0.000000,10.301604,10.301604,-0.016052,10.000000
3.277000,2,0.312076,-0.020507,0.521055,0.000000,0.000000,10.397098,10.397098,-0.016055,10.000000
3.287000,2,0.312059,-0.022386,0.521055,0.000000,0.000000,10.164482,10.164482,-0.016055,10.000000
3.297000,2,0.312042,-0.024295,0.521063,0.000000,0.000000,10.260616,10.260616,-0.016063,10.000000
3.307000,2,0.312022,-0.026243,0.521061,0.000000,0.000000,10.343154,10.343154,-0.016061,10.000000
3.317000,2,0.311998,-0.028221,0.521067,0.000000,0.000000,10.418663,10.418663,-0.016067,10.000000
3.327000,2,0.311980,-0.030214,0.521073,0.000000,0.000000,10.246496,10.246496,-0.016073,10.000000
3.337000,2,0.311951,-0.032235,0.521077,0.000000,0.000000,10.332042,10.332042,-0.016077,10.000000
3.347000,2,0.311922,-0.034269,0.521081,0.000000,0.000000,10.406585,10.406585,-0.016081,10.000000
3.357000,2,0.311888,-0.036318,0.521083,0.000000,0.000000,10.167512,10.167512,-0.016083,10.000000
3.367000,2,0.311847,-0.038370,0.521092,0.000000,0.000000,10.256809,10.256809,-0.016092,10.000000
3.377000,2,0.311797,-0.040433,0.521091,0.000000,0.000000,10.329391,10.329391,-0.016091,10.000000
3.387000,2,0.311736,-0.042499,0.521097,0.000000,0.000000,10.399931,10.399931,-0.016097,10.000000
3.397000,2,0.311672,-0.044554,0.521104,0.000000,0.000000,10.220183,10.220183,-0.016104,10.000000
3.407000,2,0.311587,-0.046611,0.521107,0.000000,0.000000,10.301585,10.301585,-0.016107,10.000000
3.417000,2,0.311494,-0.048656,0.521110,0.000000,0.000000,10.370450,10.370450,-0.016110,10.000000
3.427000,2,0.311385,-0.050691,0.521111,0.000000,0.000000,10.120014,10.120014,-0.016111,10.000000
3.437000,2,0.311262,-0.052705,0.521119,0.000000,0.000000,10.200953,10.200953,-0.016119,10.000000
3.447000,2,0.311123,-0.054705,0.521117,0.000000,0.000000,10.270276,10.270276,-0.016117,10.000000
3.457000,2,0.310964,-0.056684,0.521122,0.000000,0.000000,10.335993,10.335993,-0.016122,10.000000
3.467000,2,0.310794,-0.058629,0.521127,0.000000,0.000000,10.139219,10.139219,-0.016127,10.000000
3.477000,2,0.310596,-0.060551,0.521129,0.000000,0.000000,10.219865,10.219865,-0.016129,10.000000
3.487000,2,0.310383,-0.062437,0.521131,0.000000,0.000000,10.280006,10.280006,-0.016131,10.000000
3.497000,2,0.310146,-0.064288,0.521131,0.000000,0.000000,10.479982,10.479982,-0.016131,10.000000
3.507000,2,0.309890,-0.066094,0.521138,0.000000,0.000000,10.553981,10.553981,-0.016138,10.000000
3.517000,2,0.309609,-0.067862,0.521134,0.000000,0.000000,10.611706,10.611706,-0.016134,10.000000
3.527000,2,0.309302,-0.069584,0.521138,0.000000,0.000000,10.404873,10.404873,-0.016138,10.000000
3.537000,2,0.308980,-0.071247,0.521142,0.000000,0.000000,10.205202,10.205202,-0.016142,10.000000
3.547000,2,0.308623,-0.072862,0.521142,0.000000,0.000000,10.276018,10.276018,-0.016142,10.000000
3.557000,2,0.308246,-0.074416,0.521144,0.000000,0.000000,10.332097,10.332097,-0.016144,10.000000
3.567000,2,0.307840,-0.075909,0.521142,0.000000,0.000000,10.074220,10.074220,-0.016142,10.000000
3.577000,2,0.307410,-0.077333,0.521147,0.000000,0.000000,10.146210,10.146210,-0.016147,10.000000
3.587000,2,0.306952,-0.078692,0.521143,0.000000,0.000000,10.197596,10.197596,-0.016143,10.000000
3.597000,2,0.306464,-0.079980,0.521145,0.000000,0.000000,10.480860,10.480860,-0.016145,10.000000
3.607000,2,0.305957,-0.081184,0.521148,0.000000,0.000000,10.551423,10.551423,-0.016148,10.000000
3.617000,2,0.305414,-0.082314,0.521146,0.000000,0.000000,10.627317,10.627317,-0.016146,10.000000
3.627000,2,0.304848,-0.083358,0.521146,0.000000,0.000000,10.680344,10.680344,-0.016146,10.000000
3.637000,2,0.304252,-0.084316,0.521143,0.000000,0.000000,10.440246,10.440246,-0.016143,10.000000
3.647000,2,0.303631,-0.085177,0.521148,0.000000,0.000000,10.515202,10.515202,-0.016148,10.000000
3.657000,2,0.302981,-0.085949,0.521142,0.000000,0.000000,10.589742,10.589742,-0.016142,10.000000
3.667000,2,0.302303,-0.086625,0.521144,0.000000,0.000000,10.658807,10.658807,-0.016144,10.000000
3.677000,2,0.301606,-0.087192,0.521145,0.000000,0.000000,10.504294,10.504294,-0.016145,10.000000
3.687000,2,0.300875,-0.087660,0.521143,0.000000,0.000000,10.577244,10.577244,-0.016143,10.000000
3.697000,2,0.300124,-0.088017,0.521143,0.000000,0.000000,10.722689,10.722689,-0.016143,10.000000
3.707000,2,0.299346,-0.088265,0.521140,0.000000,0.000000,10.501136,10.501136,-0.016140,10.000000
3.717000,2,0.298547,-0.088393,0.521143,0.000000,0.000000,10.587322,10.587322,-0.016143,10.000000
3.727000,2,0.297720,-0.088441,0.521136,0.000000,0.000000,10.626126,10.626126,-0.016136,10.000000
3.737000,2,0.296863,-0.088452,0.521133,0.000000,0.000000,10.695849,10.695849,-0.016133,10.000000
3.747000,2,0.295984,-0.088432,0.521129,0.000000,0.000000,10.557772,10.557772,-0.016129,10.000000
3.757000,2,0.295066,-0.088396,0.521122,0.000000,0.000000,10.640498,10.640498,-0.016122,10.000000
3.767000,2,0.294123,-0.088322,0.521117,0.000000,0.000000,10.729955,10.729955,-0.016117,10.000000
3.777000,2,0.293150,-0.088205,0.521109,0.000000,0.000000,10.528635,10.528635,-0.016109,10.000000
3.787000,2,0.292154,-0.088030,0.521108,0.000000,0.000000,10.626660,10.626660,-0.016108,10.000000
3.797000,2,0.291133,-0.087801,0.521098,0.000000,0.000000,10.697185,10.697185,-0.016098,10.000000
3.807000,2,0.290090,-0.087508,0.521095,0.000000,0.000000,10.759390,10.759390,-0.016095,10.000000
3.817000,2,0.289038,-0.087135,0.521093,0.000000,0.000000,10.450636,10.450636,-0.016093,10.000000
3.827000,2,0.287962,-0.086691,0.521088,0.000000,0.000000,10.277826,10.277826,-0.016088,10.000000
3.837000,2,0.286877,-0.086162,0.521085,0.000000,0.000000,10.387234,10.387234,-0.016085,10.000000
3.847000,2,0.285783,-0.085547,0.521080,0.000000,0.000000,10.201690,10.201690,-0.016080,10.000000
3.857000,2,0.284682,-0.084838,0.521081,0.000000,0.000000,10.598208,10.598208,-0.016081,10.000000
3.867000,2,0.283575,-0.084041,0.521078,0.000000,0.000000,10.801274,10.801274,-0.016078,10.000000
3.877000,2,0.282473,-0.083141,0.521074,0.000000,0.000000,10.220220,10.220220,-0.016074,10.000000
3.887000,2,0.281360,-0.082150,0.521071,0.000000,0.000000,10.629699,10.629699,-0.016071,10.000000
3.897000,2,0.280261,-0.081057,0.521070,0.000000,0.000000,10.586733,10.586733,-0.016070,10.000000
3.907000,2,0.279160,-0.079865,0.521068,0.000000,0.000000,10.723004,10.723004,-0.016068,10.000000
3.917000,2,0.278060,-0.078572,0.521076,0.000000,0.000000,10.174960,10.174960,-0.016076,10.000000
3.927000,2,0.276979,-0.077180,0.521072,0.000000,0.000000,10.230837,10.230837,-0.016072,10.000000
3.937000,2,0.275906,-0.075689,0.521070,0.000000,0.000000,10.316853,10.316853,-0.016070,10.000000
3.947000,2,0.274837,-0.074099,0.521078,0.000000,0.000000,10.551920,10.551920,-0.016078,10.000000
3.957000,2,0.273792,-0.072417,0.521076,0.000000,0.000000,10.604126,10.604126,-0.016076,10.000000
3.967000,2,0.272758,-0.070640,0.521075,0.000000,0.000000,10.695321,10.695321,-0.016075,10.000000
3.977000,2,0.271733,-0.068773,0.521084,0.000000,0.000000,10.124455,10.124455,-0.016084,10.000000
3.987000,2,0.270736,-0.066822,0.521084,0.000000,0.000000,10.174326,10.174326,-0.016084,10.000000
3.997000,2,0.269753,-0.064786,0.521084,0.000000,0.000000,10.271096,10.271096,-0.016084,10.000000
4.007000,2,0.268785,-0.062675,0.521087,0.000000,0.000000,10.296546,10.296546,-0.016087,10.000000
4.017000,2,0.267844,-0.060488,0.521093,0.000000,0.000000,10.200994,10.200994,-0.016093,10.000000
4.027000,2,0.266919,-0.058233,0.521098,0.000000,0.000000,10.219675,10.219675,-0.016098,10.000000
4.037000,2,0.266015,-0.055918,0.521103,0.000000,0.000000,10.293068,10.293068,-0.016103,10.000000
4.047000,2,0.265134,-0.053543,0.521108,0.000000,0.000000,10.279270,10.279270,-0.016108,10.000000
4.057000,2,0.264274,-0.051119,0.521113,0.000000,0.000000,10.340536,10.340536,-0.016113,10.000000
4.067000,2,0.263438,-0.048647,0.521119,0.000000,0.000000,10.318232,10.318232,-0.016119,10.000000
4.077000,2,0.262624,-0.046138,0.521124,0.000000,0.000000,10.214896,10.214896,-0.016124,10.000000
4.087000,2,0.261832,-0.043591,0.521130,0.000000,0.000000,10.182150,10.182150,-0.016130,10.000000
4.097000,2,0.261060,-0.041018,0.521136,0.000000,0.000000,10.230989,10.230989,-0.016136,10.000000
4.107000,2,0.260310,-0.038416,0.521141,0.000000,0.000000,10.194999,10.194999,-0.016141,10.000000
4.117000,2,0.259579,-0.035797,0.521143,0.000000,0.000000,10.240023,10.240023,-0.016143,10.000000
4.127000,2,0.258871,-0.033160,0.521149,0.000000,0.000000,10.202246,10.202246,-0.016149,10.000000
4.137000,2,0.258182,-0.030515,0.521155,0.000000,0.000000,10.247597,10.247597,-0.016155,10.000000
4.147000,2,0.257515,-0.027860,0.521160,0.000000,0.000000,10.205885,10.205885,-0.016160,10.000000
4.157000,2,0.256868,-0.025205,0.521166,0.000000,0.000000,10.249517,10.249517,-0.016166,10.000000
4.167000,2,0.256243,-0.022548,0.521172,0.000000,0.000000,10.205249,10.205249,-0.016172,10.000000
4.177000,2,0.255639,-0.019899,0.521178,0.000000,0.000000,10.246650,10.246650,-0.016178,10.000000
4.187000,2,0.255058,-0.017254,0.521183,0.000000,0.000000,10.200774,10.200774,-0.016183,10.000000
4.197000,2,0.254500,-0.014624,0.521189,0.000000,0.000000,10.240768,10.240768,-0.016189,10.000000
4.207000,2,0.253965,-0.012006,0.521195,0.000000,0.000000,10.192439,10.192439,-0.016195,10.000000
4.217000,2,0.253454,-0.009408,0.521201,0.000000,0.000000,10.231717,10.231717,-0.016201,10.000000
4.227000,2,0.252967,-0.006827,0.521206,0.000000,0.000000,10.182044,10.182044,-0.016206,10.000000
4.237000,2,0.252506,-0.004273,0.521212,0.000000,0.000000,10.219880,10.219880,-0.016212,10.000000
4.247000,2,0.252072,-0.001742,0.521218,0.000000,0.000000,10.169987,10.169987,-0.016218,10.000000
4.257000,2,0.251664,0.000759,0.521223,0.000000,0.000000,10.207521,10.207521,-0.016223,10.000000
4.267000,2,0.251285,0.003232,0.521229,0.000000,0.000000,10.156762,10.156762,-0.016229,10.000000
4.277000,2,0.250934,0.005670,0.521235,0.000000,0.000000,10.193917,10.193917,-0.016235,10.000000
4.287000,2,0.250613,0.008076,0.521240,0.000000,0.000000,10.143155,10.143155,-0.016240,10.000000
4.297000,2,0.250322,0.010442,0.521245,0.000000,0.000000,10.180218,10.180218,-0.016245,10.000000
4.307000,2,0.250063,0.012773,0.521250,0.000000,0.000000,10.130308,10.130308,-0.016250,10.000000
4.317000,2,0.249836,0.015063,0.521256,0.000000,0.000000,10.167742,10.167742,-0.016256,10.000000
4.327000,2,0.249643,0.017313,0.521261,0.000000,0.000000,10.118479,10.118479,-0.016261,10.000000
4.337000,2,0.249484,0.019518,0.521266,0.000000,0.000000,10.158082,10.158082,-0.016266,10.000000
4.347000,2,0.249361,0.021681,0.521272,0.000000,0.000000,10.109954,10.109954,-0.016272,10.000000
4.357000,2,0.249272,0.023796,0.521277,0.000000,0.000000,10.148462,10.148462,-0.016277,10.000000
4.367000,2,0.249207,0.025867,0.521280,0.000000,0.000000,10.105062,10.105062,-0.016280,10.000000
4.377000,2,0.249157,0.027887,0.521282,0.000000,0.000000,10.147961,10.147961,-0.016282,10.000000
4.387000,2,0.249122,0.029862,0.521281,0.000000,0.000000,10.105165,10.105165,-0.016281,10.000000
4.397000,2,0.249099,0.031787,0.521280,0.000000,0.000000,10.146614,10.146614,-0.016280,10.000000
4.407000,2,0.249088,0.033666,0.521276,0.000000,0.000000,10.103629,10.103629,-0.016276,10.000000
4.417000,2,0.249088,0.035494,0.521272,0.000000,0.000000,10.143872,10.143872,-0.016272,10.000000
4.427000,2,0.249097,0.037276,0.521267,0.000000,0.000000,10.100970,10.100970,-0.016267,10.000000
4.437000,2,0.249115,0.039006,0.521261,0.000000,0.000000,10.140085,10.140085,-0.016261,10.000000
4.447000,2,0.249141,0.040692,0.521250,0.000000,0.000000,10.097392,10.097392,-0.016250,10.000000
4.457000,2,0.249176,0.042324,0.521242,0.000000,0.000000,10.135439,10.135439,-0.016242,10.000000
4.467000,2,0.249225,0.043912,0.521234,0.000000,0.000000,10.090991,10.090991,-0.016234,10.000000
4.477000,2,0.249293,0.045448,0.521227,0.000000,0.000000,10.127294,10.127294,-0.016227,10.000000
4.487000,2,0.249379,0.046936,0.521219,0.000000,0.000000,10.084689,10.084689,-0.016219,10.000000
4.497000,2,0.249485,0.048372,0.521212,0.000000,0.000000,10.121519,10.121519,-0.016212,10.000000
4.507000,2,0.249613,0.049761,0.521205,0.000000,0.000000,10.080652,10.080652,-0.016205,10.000000
4.517000,2,0.249763,0.051096,0.521198,0.000000,0.000000,10.118009,10.118009,-0.016198,10.000000
4.527000,2,0.249936,0.052383,0.521191,0.000000,0.000000,10.078869,10.078869,-0.016191,10.000000
4.537000,2,0.250133,0.053617,0.521184,0.000000,0.000000,10.116855,10.116855,-0.016184,10.000000
4.547000,2,0.250356,0.054802,0.521178,0.000000,0.000000,10.079458,10.079458,-0.016178,10.000000
4.557000,2,0.250604,0.055934,0.521171,0.000000,0.000000,10.118132,10.118132,-0.016171,10.000000
4.567000,2,0.250880,0.057017,0.521165,0.000000,0.000000,10.082495,10.082495,-0.016165,10.000000
4.577000,2,0.251183,0.058046,0.521159,0.000000,0.000000,10.121921,10.121921,-0.016159,10.000000
4.587000,2,0.251514,0.059028,0.521153,0.000000,0.000000,10.088023,10.088023,-0.016153,10.000000
4.597000,2,0.251874,0.059956,0.521147,0.000000,0.000000,10.128242,10.128242,-0.016147,10.000000
4.607000,2,0.252263,0.060836,0.521141,0.000000,0.000000,10.096034,10.096034,-0.016141,10.000000
4.617000,2,0.252682,0.061663,0.521136,0.000000,0.000000,10.137058,10.137058,-0.016136,10.000000
4.627000,2,0.253131,0.062443,0.521130,0.000000,0.000000,10.106573,10.106573,-0.016130,10.000000
4.637000,2,0.253612,0.063170,0.521124,0.000000,0.000000,10.148410,10.148410,-0.016124,10.000000
4.647000,2,0.254123,0.063850,0.521119,0.000000,0.000000,10.119556,10.119556,-0.016119,10.000000
4.657000,2,0.254665,0.064478,0.521114,0.000000,0.000000,10.162195,10.162195,-0.016114,10.000000
4.667000,2,0.255239,0.065060,0.521108,0.000000,0.000000,10.134917,10.134917,-0.016108,10.000000
4.677000,2,0.255845,0.065591,0.521103,0.000000,0.000000,10.178333,10.178333,-0.016103,10.000000
4.687000,2,0.256482,0.066076,0.521098,0.000000,0.000000,10.152564,10.152564,-0.016098,10.000000
4.697000,2,0.257152,0.066511,0.521093,0.000000,0.000000,10.196714,10.196714,-0.016093,10.000000
4.707000,2,0.257853,0.066901,0.521088,0.000000,0.000000,10.172380,10.172380,-0.016088,10.000000
4.717000,2,0.258586,0.067242,0.521083,0.000000,0.000000,10.217274,10.217274,-0.016083,10.000000
4.727000,2,0.259351,0.067539,0.521078,0.000000,0.000000,10.194264,10.194264,-0.016078,10.000000
4.737000,2,0.260147,0.067787,0.521073,0.000000,0.000000,10.239715,10.239715,-0.016073,10.000000
4.747000,2,0.260976,0.067996,0.521066,0.000000,0.000000,10.217905,10.217905,-0.016066,10.000000
4.757000,2,0.261835,0.068152,0.521061,0.000000,0.000000,10.262361,10.262361,-0.016061,10.000000
4.767000,2,0.262726,0.068269,0.521056,0.000000,0.000000,10.134168,10.134168,-0.016056,10.000000
4.777000,2,0.263648,0.068340,0.521051,0.000000,0.000000,10.180746,10.180746,-0.016051,10.000000
4.787000,2,0.264600,0.068373,0.521047,0.000000,0.000000,10.162622,10.162622,-0.016047,10.000000
4.797000,2,0.265581,0.068385,0.521044,0.000000,0.000000,10.213447,10.213447,-0.016044,10.000000
4.807000,2,0.266590,0.068390,0.521042,0.000000,0.000000,10.197712,10.197712,-0.016042,10.000000
4.817000,2,0.267627,0.068385,0.521041,0.000000,0.000000,10.247884,10.247884,-0.016041,10.000000
4.827000,2,0.268689,0.068379,0.521040,0.000000,0.000000,10.063287,10.063287,-0.016040,10.000000
4.837000,2,0.269779,0.068367,0.521039,0.000000,0.000000,10.112922,10.112922,-0.016039,10.000000
4.847000,2,0.270894,0.068356,0.521039,0.000000,0.000000,10.097902,10.097902,-0.016039,10.000000
4.857000,2,0.272034,0.068340,0.521038,0.000000,0.000000,10.147758,10.147758,-0.016038,10.000000
4.867000,2,0.273198,0.068325,0.521038,0.000000,0.000000,10.133216,10.133216,-0.016038,10.000000
4.877000,2,0.274386,0.068306,0.521038,0.000000,0.000000,10.182747,10.182747,-0.016038,10.000000
4.887000,2,0.275598,0.068288,0.521037,0.000000,0.000000,10.168566,10.168566,-0.016037,10.000000
4.897000,2,0.276834,0.068267,0.521037,0.000000,0.000000,10.217656,10.217656,-0.016037,10.000000
4.907000,2,0.278091,0.068247,0.521037,0.000000,0.000000,10.203793,10.203793,-0.016037,10.000000
4.917000,2,0.279372,0.068222,0.521037,0.000000,0.000000,10.203143,10.203143,-0.016037,10.000000
4.927000,2,0.280673,0.068200,0.521037,0.000000,0.000000,10.189448,10.189448,-0.016037,10.000000
4.937000,2,0.281996,0.068173,0.521038,0.000000,0.000000,10.237197,10.237197,-0.016038,10.000000
4.947000,2,0.283340,0.068148,0.521038,0.000000,0.000000,10.101556,10.101556,-0.016038,10.000000
4.957000,2,0.284704,0.068119,0.521038,0.000000,0.000000,10.148315,10.148315,-0.016038,10.000000
4.967000,2,0.286087,0.068091,0.521038,0.000000,0.000000,10.135175,10.135175,-0.016038,10.000000
4.977000,2,0.287490,0.068059,0.521039,0.000000,0.000000,10.181052,10.181052,-0.016039,10.000000
4.987000,2,0.288910,0.068028,0.521039,0.000000,0.000000,10.168145,10.168145,-0.016039,10.000000
4.997000,2,0.290348,0.067994,0.521039,0.000000,0.000000,10.212697,10.212697,-0.016039,10.000000
5.007000,2,0.291803,0.067961,0.521040,0.000000,0.000000,10.199886,10.199886,-0.016040,10.000000
5.017000,2,0.293274,0.067923,0.521040,0.000000,0.000000,10.215284,10.215284,-0.016040,10.000000
5.027000,2,0.294760,0.067888,0.521041,0.000000,0.000000,10.202494,10.202494,-0.016041,10.000000
5.037000,2,0.296261,0.067848,0.521041,0.000000,0.000000,10.091842,10.091842,-0.016041,10.000000
5.047000,2,0.297777,0.067809,0.521042,0.000000,0.000000,10.079243,10.079243,-0.016042,10.000000
5.057000,2,0.299306,0.067765,0.521043,0.000000,0.000000,10.119168,10.119168,-0.016043,10.000000
5.067000,2,0.300849,0.067722,0.521039,0.000000,0.000000,10.531528,10.531528,-0.016039,10.000000
5.077000,2,0.302397,0.067678,0.521049,0.000000,0.000000,9.886917,9.886917,-0.016049,10.000000
5.087000,2,0.303969,0.067627,0.521043,0.000000,0.000000,9.912256,9.912256,-0.016043,10.000000
5.097000,2,0.305546,0.067575,0.521039,0.000000,0.000000,10.571535,10.571535,-0.016039,10.000000
5.107000,2,0.307126,0.067518,0.521049,0.000000,0.000000,9.920745,9.920745,-0.016049,10.000000
5.117000,2,0.308727,0.067448,0.521045,0.000000,0.000000,9.939596,9.939596,-0.016045,10.000000
5.127000,2,0.310332,0.067368,0.521040,0.000000,0.000000,10.064606,10.064606,-0.016040,10.000000
5.137000,2,0.311937,0.067274,0.521050,0.000000,0.000000,9.946267,9.946267,-0.016050,10.000000
5.147000,2,0.313561,0.067161,0.521045,0.000000,0.000000,9.961776,9.961776,-0.016045,10.000000
5.157000,2,0.315186,0.067031,0.521039,0.000000,0.000000,10.083106,10.083106,-0.016039,10.000000
5.167000,2,0.316808,0.066881,0.521048,0.000000,0.000000,9.962996,9.962996,-0.016048,10.000000
5.177000,2,0.318447,0.066706,0.521043,0.000000,0.000000,9.975432,9.975432,-0.016043,10.000000
5.187000,2,0.320086,0.066497,0.521036,0.000000,0.000000,10.093856,10.093856,-0.016036,10.000000
5.197000,2,0.321725,0.066282,0.521038,0.000000,0.000000,9.861737,9.861737,-0.016038,10.000000
5.207000,2,0.323361,0.066025,0.521036,0.000000,0.000000,10.332233,10.332233,-0.016036,10.000000
5.217000,2,0.325008,0.065743,0.521035,0.000000,0.000000,9.914724,9.914724,-0.016035,10.000000
5.227000,2,0.326643,0.065428,0.521036,0.000000,0.000000,10.293832,10.293832,-0.016036,10.000000
5.237000,2,0.328283,0.065082,0.521034,0.000000,0.000000,10.492744,10.492744,-0.016034,10.000000
5.247000,2,0.329919,0.064706,0.521038,0.000000,0.000000,10.331116,10.331116,-0.016038,10.000000
5.257000,2,0.331556,0.064291,0.521028,0.000000,0.000000,10.435715,10.435715,-0.016028,10.000000
5.267000,2,0.333186,0.063847,0.521029,0.000000,0.000000,10.249632,10.249632,-0.016029,10.000000
5.277000,2,0.334807,0.063362,0.521027,0.000000,0.000000,10.478197,10.478197,-0.016027,10.000000
5.287000,2,0.336422,0.062843,0.521029,0.000000,0.000000,10.341875,10.341875,-0.016029,10.000000
5.297000,2,0.338033,0.062290,0.521022,0.000000,0.000000,10.007468,10.007468,-0.016022,10.000000
5.307000,2,0.339640,0.061703,0.521013,0.000000,0.000000,10.234611,10.234611,-0.016013,10.000000
5.317000,2,0.341230,0.061069,0.521009,0.000000,0.000000,10.403178,10.403178,-0.016009,10.000000
5.327000,2,0.342805,0.060402,0.521005,0.000000,0.000000,10.149145,10.149145,-0.016005,10.000000
5.337000,2,0.344371,0.059703,0.521008,0.000000,0.000000,10.238428,10.238428,-0.016008,10.000000
5.347000,2,0.345925,0.058960,0.520998,0.000000,0.000000,10.072585,10.072585,-0.015998,10.000000
5.357000,2,0.347462,0.058179,0.520998,0.000000,0.000000,10.156912,10.156912,-0.015998,10.000000
5.367000,2,0.348990,0.057370,0.520995,0.000000,0.000000,9.983685,9.983685,-0.015995,10.000000
5.377000,2,0.350493,0.056515,0.520991,0.000000,0.000000,10.346314,10.346314,-0.015991,10.000000
5.387000,2,0.351982,0.055627,0.520987,0.000000,0.000000,10.084685,10.084685,-0.015987,10.000000
5.397000,2,0.353451,0.054701,0.520979,0.000000,0.000000,9.757299,9.757299,-0.015979,10.000000
5.407000,2,0.354899,0.053746,0.520981,0.000000,0.000000,10.160355,10.160355,-0.015981,10.000000
5.417000,2,0.356327,0.052748,0.520970,0.000000,0.000000,10.510683,10.510683,-0.015970,10.000000
5.427000,2,0.357729,0.051716,0.520969,0.000000,0.000000,10.136034,10.136034,-0.015969,10.000000
5.437000,2,0.359116,0.050657,0.520965,0.000000,0.000000,9.857443,9.857443,-0.015965,10.000000
5.447000,2,0.360469,0.049558,0.520960,0.000000,0.000000,10.492011,10.492011,-0.015960,10.000000
5.457000,2,0.361802,0.048428,0.520955,0.000000,0.000000,10.049006,10.049006,-0.015955,10.000000
5.467000,2,0.363105,0.047265,0.520946,0.000000,0.000000,9.771471,9.771471,-0.015946,10.000000
5.477000,2,0.364382,0.046073,0.520949,0.000000,0.000000,9.912206,9.912206,-0.015949,10.000000
5.487000,2,0.365633,0.044854,0.520938,0.000000,0.000000,10.442841,10.442841,-0.015938,10.000000
5.497000,2,0.366849,0.043599,0.520937,0.000000,0.000000,10.363509,10.363509,-0.015937,10.000000
5.507000,2,0.368035,0.042316,0.520929,0.000000,0.000000,10.219626,10.219626,-0.015929,10.000000
5.517000,2,0.369196,0.041011,0.520920,0.000000,0.000000,10.201107,10.201107,-0.015920,10.000000
5.527000,2,0.370320,0.039677,0.520916,0.000000,0.000000,10.022605,10.022605,-0.015916,10.000000
5.537000,2,0.371411,0.038317,0.520913,0.000000,0.000000,10.169508,10.169508,-0.015913,10.000000
5.547000,2,0.372476,0.036941,0.520905,0.000000,0.000000,9.869643,9.869643,-0.015905,10.000000
5.557000,2,0.373496,0.035532,0.520903,0.000000,0.000000,9.872722,9.872722,-0.015903,10.000000
5.567000,2,0.374483,0.034106,0.520895,0.000000,0.000000,10.524493,10.524493,-0.015895,10.000000
5.577000,2,0.375435,0.032657,0.520890,0.000000,0.000000,10.470954,10.470954,-0.015890,10.000000
5.587000,2,0.376347,0.031186,0.520884,0.000000,0.000000,10.581606,10.581606,-0.015884,10.000000
5.597000,2,0.377231,0.029704,0.520875,0.000000,0.000000,10.507611,10.507611,-0.015875,10.000000
5.607000,2,0.378068,0.028196,0.520872,0.000000,0.000000,10.493893,10.493893,-0.015872,10.000000
5.617000,2,0.378871,0.026679,0.520860,0.000000,0.000000,10.196989,10.196989,-0.015860,10.000000
5.627000,2,0.379631,0.025143,0.520856,0.000000,0.000000,10.193098,10.193098,-0.015856,10.000000
5.637000,2,0.380355,0.023596,0.520857,0.000000,0.000000,9.975208,9.975208,-0.015857,10.000000
5.647000,2,0.381040,0.022040,0.520848,0.000000,0.000000,10.058809,10.058809,-0.015848,10.000000
5.657000,2,0.381679,0.020464,0.520844,0.000000,0.000000,10.384749,10.384749,-0.015844,10.000000
5.667000,2,0.382283,0.018882,0.520828,0.000000,0.000000,10.494301,10.494301,-0.015828,10.000000
5.677000,2,0.382840,0.017288,0.520826,0.000000,0.000000,9.957836,9.957836,-0.015826,10.000000
5.687000,2,0.383359,0.015686,0.520822,0.000000,0.000000,10.603296,10.603296,-0.015822,10.000000
5.697000,2,0.383837,0.014080,0.520815,0.000000,0.000000,10.525794,10.525794,-0.015815,10.000000
5.707000,2,0.384272,0.012466,0.520810,0.000000,0.000000,10.519400,10.519400,-0.015810,10.000000
5.717000,2,0.384667,0.010851,0.520797,0.000000,0.000000,10.196761,10.196761,-0.015797,10.000000
5.727000,2,0.385016,0.009228,0.520793,0.000000,0.000000,9.792585,9.792585,-0.015793,10.000000
5.737000,2,0.385323,0.007605,0.520788,0.000000,0.000000,10.370534,10.370534,-0.015788,10.000000
5.747000,2,0.385591,0.005984,0.520778,0.000000,0.000000,10.276988,10.276988,-0.015778,10.000000
5.757000,2,0.385812,0.004355,0.520771,0.000000,0.000000,10.179988,10.179988,-0.015771,10.000000
5.767000,2,0.385990,0.002731,0.520766,0.000000,0.000000,10.309277,10.309277,-0.015766,10.000000
5.777000,2,0.386130,0.001114,0.520756,0.000000,0.000000,10.218371,10.218371,-0.015756,10.000000
5.787000,2,0.386223,-0.000510,0.520752,0.000000,0.000000,10.214429,10.214429,-0.015752,10.000000
5.797000,2,0.386279,-0.002126,0.520747,0.000000,0.000000,10.252067,10.252067,-0.015747,10.000000
5.807000,2,0.386320,-0.003733,0.520740,0.000000,0.000000,10.160431,10.160431,-0.015740,10.000000
5.817000,2,0.386343,-0.005339,0.520738,0.000000,0.000000,9.845801,9.845801,-0.015738,10.000000
5.827000,2,0.386352,-0.006937,0.520739,0.000000,0.000000,9.823968,9.823968,-0.015739,10.000000
5.837000,2,0.386350,-0.008527,0.520741,0.000000,0.000000,9.807607,9.807607,-0.015741,10.000000
5.847000,2,0.386338,-0.010106,0.520744,0.000000,0.000000,9.793370,9.793370,-0.015744,10.000000
5.857000,2,0.386319,-0.011674,0.520749,0.000000,0.000000,9.780055,9.780055,-0.015749,10.000000
5.867000,2,0.386294,-0.013231,0.520754,0.000000,0.000000,9.767233,9.767233,-0.015754,10.000000
5.877000,2,0.386263,-0.014774,0.520761,0.000000,0.000000,9.754551,9.754551,-0.015761,10.000000
5.887000,2,0.386228,-0.016304,0.520768,0.000000,0.000000,9.742501,9.742501,-0.015768,10.000000
5.897000,2,0.386187,-0.017818,0.520775,0.000000,0.000000,9.731087,9.731087,-0.015775,10.000000
5.907000,2,0.386139,-0.019318,0.520782,0.000000,0.000000,9.719755,9.719755,-0.015782,10.000000
5.917000,2,0.386083,-0.020801,0.520790,0.000000,0.000000,9.708527,9.708527,-0.015790,10.000000
5.927000,2,0.386017,-0.022267,0.520797,0.000000,0.000000,9.697067,9.697067,-0.015797,10.000000
5.937000,2,0.385940,-0.023716,0.520803,0.000000,0.000000,9.685324,9.685324,-0.015803,10.000000
5.947000,2,0.385852,-0.025147,0.520810,0.000000,0.000000,9.673344,9.673344,-0.015810,10.000000
5.957000,2,0.385751,-0.026559,0.520816,0.000000,0.000000,9.661048,9.661048,-0.015816,10.000000
5.967000,2,0.385637,-0.027953,0.520822,0.000000,0.000000,9.693471,9.693471,-0.015822,10.000000
5.977000,2,0.385510,-0.029328,0.520828,0.000000,0.000000,9.682481,9.682481,-0.015828,10.000000
5.987000,2,0.385368,-0.030680,0.520841,0.000000,0.000000,10.380523,10.380523,-0.015841,10.000000
5.997000,2,0.385211,-0.032017,0.520839,0.000000,0.000000,10.407413,10.407413,-0.015839,10.000000
6.007000,2,0.385037,-0.033330,0.520846,0.000000,0.000000,10.464331,10.464331,-0.015846,10.000000
6.017000,2,0.384848,-0.034622,0.520854,0.000000,0.000000,10.549421,10.549421,-0.015854,10.000000
6.027000,2,0.384645,-0.035888,0.520857,0.000000,0.000000,10.215484,10.215484,-0.015857,10.000000
6.037000,2,0.384424,-0.037135,0.520860,0.000000,0.000000,10.166295,10.166295,-0.015860,10.000000
6.047000,2,0.384186,-0.038356,0.520871,0.000000,0.000000,10.036872,10.036872,-0.015871,10.000000
6.057000,2,0.383927,-0.039560,0.520868,0.000000,0.000000,10.328837,10.328837,-0.015868,10.000000
6.067000,2,0.383648,-0.040739,0.520877,0.000000,0.000000,10.183685,10.183685,-0.015877,10.000000
6.077000,2,0.383359,-0.041888,0.520881,0.000000,0.000000,10.263817,10.263817,-0.015881,10.000000
6.087000,2,0.383039,-0.043018,0.520885,0.000000,0.000000,10.383754,10.383754,-0.015885,10.000000
6.097000,2,0.382706,-0.044123,0.520888,0.000000,0.000000,10.454015,10.454015,-0.015888,10.000000
6.107000,2,0.382349,-0.045201,0.520890,0.000000,0.000000,10.415960,10.415960,-0.015890,10.000000
6.117000,2,0.381972,-0.046256,0.520894,0.000000,0.000000,10.428232,10.428232,-0.015894,10.000000
6.127000,2,0.381574,-0.047283,0.520896,0.000000,0.000000,10.133387,10.133387,-0.015896,10.000000
6.137000,2,0.381154,-0.048288,0.520902,0.000000,0.000000,10.145229,10.145229,-0.015902,10.000000
6.147000,2,0.380714,-0.049263,0.520901,0.000000,0.000000,9.897904,9.897904,-0.015901,10.000000
6.157000,2,0.380253,-0.050209,0.520911,0.000000,0.000000,10.336183,10.336183,-0.015911,10.000000
6.167000,2,0.379768,-0.051134,0.520906,0.000000,0.000000,10.531918,10.531918,-0.015906,10.000000
6.177000,2,0.379259,-0.052032,0.520913,0.000000,0.000000,10.117302,10.117302,-0.015913,10.000000
6.187000,2,0.378736,-0.052896,0.520916,0.000000,0.000000,9.851787,9.851787,-0.015916,10.000000
6.197000,2,0.378179,-0.053738,0.520918,0.000000,0.000000,9.973648,9.973648,-0.015918,10.000000
6.207000,2,0.377603,-0.054550,0.520919,0.000000,0.000000,10.045084,10.045084,-0.015919,10.000000
6.217000,2,0.377006,-0.055334,0.520920,0.000000,0.000000,10.022059,10.022059,-0.015920,10.000000
6.227000,2,0.376388,-0.056093,0.520922,0.000000,0.000000,10.008650,10.008650,-0.015922,10.000000
6.237000,2,0.375741,-0.056824,0.520922,0.000000,0.000000,9.761770,9.761770,-0.015922,10.000000
6.247000,2,0.375075,-0.057519,0.520931,0.000000,0.000000,10.113154,10.113154,-0.015931,10.000000
6.257000,2,0.374386,-0.058188,0.520931,0.000000,0.000000,10.348904,10.348904,-0.015931,10.000000
6.267000,2,0.373671,-0.058835,0.520927,0.000000,0.000000,10.389255,10.389255,-0.015927,10.000000
6.277000,2,0.372934,-0.059445,0.520930,0.000000,0.000000,10.447645,10.447645,-0.015930,10.000000
6.287000,2,0.372172,-0.060033,0.520935,0.000000,0.000000,10.542519,10.542519,-0.015935,10.000000
6.297000,2,0.371391,-0.060583,0.520935,0.000000,0.000000,10.253168,10.253168,-0.015935,10.000000
6.307000,2,0.370591,-0.061106,0.520937,0.000000,0.000000,10.274649,10.274649,-0.015937,10.000000
6.317000,2,0.369758,-0.061603,0.520939,0.000000,0.000000,10.400278,10.400278,-0.015939,10.000000
6.327000,2,0.368908,-0.062063,0.520941,0.000000,0.000000,10.395150,10.395150,-0.015941,10.000000
6.337000,2,0.368036,-0.062501,0.520942,0.000000,0.000000,10.473258,10.473258,-0.015942,10.000000
6.347000,2,0.367139,-0.062904,0.520942,0.000000,0.000000,10.453538,10.453538,-0.015942,10.000000
6.357000,2,0.366222,-0.063279,0.520940,0.000000,0.000000,10.254996,10.254996,-0.015940,10.000000
6.367000,2,0.365284,-0.063618,0.520942,0.000000,0.000000,10.257109,10.257109,-0.015942,10.000000
6.377000,2,0.364324,-0.063929,0.520950,0.000000,0.000000,10.375952,10.375952,-0.015950,10.000000
6.387000,2,0.363344,-0.064209,0.520949,0.000000,0.000000,10.347289,10.347289,-0.015949,10.000000
6.397000,2,0.362340,-0.064462,0.520949,0.000000,0.000000,10.376349,10.376349,-0.015949,10.000000
6.407000,2,0.361317,-0.064685,0.520945,0.000000,0.000000,10.417279,10.417279,-0.015945,10.000000
6.417000,2,0.360273,-0.064871,0.520947,0.000000,0.000000,10.468541,10.468541,-0.015947,10.000000
6.427000,2,0.359207,-0.065035,0.520951,0.000000,0.000000,10.560932,10.560932,-0.015951,10.000000
6.437000,2,0.358126,-0.065159,0.520951,0.000000,0.000000,10.531404,10.531404,-0.015951,10.000000
6.447000,2,0.357024,-0.065255,0.520952,0.000000,0.000000,10.527392,10.527392,-0.015952,10.000000
6.457000,2,0.355904,-0.065320,0.520953,0.000000,0.000000,10.531819,10.531819,-0.015953,10.000000
6.467000,2,0.354765,-0.065354,0.520954,0.000000,0.000000,10.539119,10.539119,-0.015954,10.000000
6.477000,2,0.353606,-0.065369,0.520954,0.000000,0.000000,10.542532,10.542532,-0.015954,10.000000
6.487000,2,0.352429,-0.065376,0.520954,0.000000,0.000000,10.548379,10.548379,-0.015954,10.000000
6.497000,2,0.351233,-0.065377,0.520954,0.000000,0.000000,10.447121,10.447121,-0.015954,10.000000
6.507000,2,0.350017,-0.065374,0.520953,0.000000,0.000000,10.454981,10.454981,-0.015953,10.000000
6.517000,2,0.348783,-0.065369,0.520953,0.000000,0.000000,10.463777,10.463777,-0.015953,10.000000
6.527000,2,0.347530,-0.065361,0.520952,0.000000,0.000000,10.473122,10.473122,-0.015952,10.000000
6.537000,2,0.346259,-0.065352,0.520951,0.000000,0.000000,10.482911,10.482911,-0.015951,10.000000
6.547000,2,0.344971,-0.065341,0.520950,0.000000,0.000000,10.493028,10.493028,-0.015950,10.000000
6.557000,2,0.343670,-0.065327,0.520951,0.000000,0.000000,10.101281,10.101281,-0.015951,10.000000
6.567000,2,0.342344,-0.065316,0.520950,0.000000,0.000000,9.961059,9.961059,-0.015950,10.000000
6.577000,2,0.341008,-0.065300,0.520949,0.000000,0.000000,10.058879,10.058879,-0.015949,10.000000
6.587000,2,0.339654,-0.065285,0.520944,0.000000,0.000000,9.832630,9.832630,-0.015944,10.000000
6.597000,2,0.338289,-0.065262,0.520949,0.000000,0.000000,9.962580,9.962580,-0.015949,10.000000
6.607000,2,0.336908,-0.065245,0.520942,0.000000,0.000000,10.002809,10.002809,-0.015942,10.000000
6.617000,2,0.335511,-0.065228,0.520944,0.000000,0.000000,10.129047,10.129047,-0.015944,10.000000
6.627000,2,0.334111,-0.065201,0.520945,0.000000,0.000000,9.927912,9.927912,-0.015945,10.000000
6.637000,2,0.332690,-0.065179,0.520943,0.000000,0.000000,10.349116,10.349116,-0.015943,10.000000
6.647000,2,0.331262,-0.065154,0.520942,0.000000,0.000000,10.445529,10.445529,-0.015942,10.000000
6.657000,2,0.329822,-0.065129,0.520938,0.000000,0.000000,10.224883,10.224883,-0.015938,10.000000
6.667000,2,0.328374,-0.065096,0.520943,0.000000,0.000000,10.345555,10.345555,-0.015943,10.000000
6.677000,2,0.326916,-0.065069,0.520936,0.000000,0.000000,10.394029,10.394029,-0.015936,10.000000
6.687000,2,0.325448,-0.065039,0.520934,0.000000,0.000000,10.509561,10.509561,-0.015934,10.000000
6.697000,2,0.323981,-0.065001,0.520935,0.000000,0.000000,10.317978,10.317978,-0.015935,10.000000
6.707000,2,0.322499,-0.064968,0.520934,0.000000,0.000000,10.425793,10.425793,-0.015934,10.000000
6.717000,2,0.321015,-0.064932,0.520932,0.000000,0.000000,10.521307,10.521307,-0.015932,10.000000
6.727000,2,0.319524,-0.064895,0.520929,0.000000,0.000000,10.015221,10.015221,-0.015929,10.000000
6.737000,2,0.318031,-0.064851,0.520933,0.000000,0.000000,10.283235,10.283235,-0.015933,10.000000
6.747000,2,0.316533,-0.064813,0.520927,0.000000,0.000000,10.340602,10.340602,-0.015927,10.000000
6.757000,2,0.315029,-0.064774,0.520928,0.000000,0.000000,10.444028,10.444028,-0.015928,10.000000
6.767000,2,0.313532,-0.064725,0.520929,0.000000,0.000000,10.262046,10.262046,-0.015929,10.000000
6.777000,2,0.312024,-0.064682,0.520928,0.000000,0.000000,10.360786,10.360786,-0.015928,10.000000
6.787000,2,0.310520,-0.064633,0.520927,0.000000,0.000000,10.456352,10.456352,-0.015927,10.000000
6.797000,2,0.309015,-0.064582,0.520923,0.000000,0.000000,10.240948,10.240948,-0.015923,10.000000
6.807000,2,0.307512,-0.064518,0.520928,0.000000,0.000000,10.342109,10.342109,-0.015928,10.000000
6.817000,2,0.306011,-0.064451,0.520922,0.000000,0.000000,10.388651,10.388651,-0.015922,10.000000
6.827000,2,0.304511,-0.064372,0.520924,0.000000,0.000000,10.484867,10.484867,-0.015924,10.000000
6.837000,2,0.303023,-0.064267,0.520927,0.000000,0.000000,10.341740,10.341740,-0.015927,10.000000
6.847000,2,0.301538,-0.064151,0.520922,0.000000,0.000000,10.428884,10.428884,-0.015922,10.000000
6.857000,2,0.300051,-0.064015,0.520924,0.000000,0.000000,9.732543,9.732543,-0.015924,10.000000
6.867000,2,0.298577,-0.063849,0.520929,0.000000,0.000000,9.845906,9.845906,-0.015929,10.000000
6.877000,2,0.297107,-0.063669,0.520929,0.000000,0.000000,10.049313,10.049313,-0.015929,10.000000
6.887000,2,0.295657,-0.063450,0.520931,0.000000,0.000000,9.864579,9.864579,-0.015931,10.000000
6.897000,2,0.294207,-0.063211,0.520933,0.000000,0.000000,10.016978,10.016978,-0.015933,10.000000
6.907000,2,0.292778,-0.062935,0.520932,0.000000,0.000000,9.796266,9.796266,-0.015932,10.000000
6.917000,2,0.291351,-0.062637,0.520932,0.000000,0.000000,9.912754,9.912754,-0.015932,10.000000
6.927000,2,0.289935,-0.062305,0.520938,0.000000,0.000000,9.995669,9.995669,-0.015938,10.000000
6.937000,2,0.288545,-0.061933,0.520936,0.000000,0.000000,9.872965,9.872965,-0.015936,10.000000
6.947000,2,0.287158,-0.061535,0.520937,0.000000,0.000000,9.929779,9.929779,-0.015937,10.000000
6.957000,2,0.285784,-0.061100,0.520944,0.000000,0.000000,10.005276,10.005276,-0.015944,10.000000
6.967000,2,0.284438,-0.060624,0.520943,0.000000,0.000000,9.881112,9.881112,-0.015943,10.000000
6.977000,2,0.283097,-0.060119,0.520945,0.000000,0.000000,9.944149,9.944149,-0.015945,10.000000
6.987000,2,0.281770,-0.059576,0.520952,0.000000,0.000000,10.014597,10.014597,-0.015952,10.000000
6.997000,2,0.280473,-0.058990,0.520951,0.000000,0.000000,9.888966,9.888966,-0.015951,10.000000
7.007000,2,0.279182,-0.058374,0.520953,0.000000,0.000000,9.957300,9.957300,-0.015953,10.000000
7.017000,2,0.277909,-0.057721,0.520960,0.000000,0.000000,10.022116,10.022116,-0.015960,10.000000
7.027000,2,0.276665,-0.057023,0.520960,0.000000,0.000000,9.895225,9.895225,-0.015960,10.000000
7.037000,2,0.275429,-0.056295,0.520962,0.000000,0.000000,9.969105,9.969105,-0.015962,10.000000
7.047000,2,0.274211,-0.055528,0.520966,0.000000,0.000000,10.025982,10.025982,-0.015966,10.000000
7.057000,2,0.273025,-0.054719,0.520966,0.000000,0.000000,9.899399,9.899399,-0.015966,10.000000
7.067000,2,0.271849,-0.053881,0.520968,0.000000,0.000000,9.979542,9.979542,-0.015968,10.000000
7.077000,2,0.270697,-0.053004,0.520973,0.000000,0.000000,10.054902,10.054902,-0.015973,10.000000
7.087000,2,0.269565,-0.052085,0.520977,0.000000,0.000000,9.835538,9.835538,-0.015977,10.000000
7.097000,2,0.268452,-0.051140,0.520981,0.000000,0.000000,9.922604,9.922604,-0.015981,10.000000
7.107000,2,0.267361,-0.050156,0.520983,0.000000,0.000000,10.009805,10.009805,-0.015983,10.000000
7.117000,2,0.266289,-0.049140,0.520986,0.000000,0.000000,10.024722,10.024722,-0.015986,10.000000
7.127000,2,0.265241,-0.048087,0.520992,0.000000,0.000000,10.067272,10.067272,-0.015992,10.000000
7.137000,2,0.264213,-0.047004,0.520995,0.000000,0.000000,10.040720,10.040720,-0.015995,10.000000
7.147000,2,0.263208,-0.045886,0.521000,0.000000,0.000000,10.073402,10.073402,-0.016000,10.000000
7.157000,2,0.262224,-0.044739,0.521003,0.000000,0.000000,10.044120,10.044120,-0.016003,10.000000
7.167000,2,0.261263,-0.043558,0.521008,0.000000,0.000000,10.076974,10.076974,-0.016008,10.000000
7.177000,2,0.260323,-0.042351,0.521011,0.000000,0.000000,10.047254,10.047254,-0.016011,10.000000
7.187000,2,0.259407,-0.041112,0.521016,0.000000,0.000000,10.080573,10.080573,-0.016016,10.000000
7.197000,2,0.258512,-0.039849,0.521020,0.000000,0.000000,10.050478,10.050478,-0.016020,10.000000
7.207000,2,0.257641,-0.038555,0.521025,0.000000,0.000000,10.084343,10.084343,-0.016025,10.000000
7.217000,2,0.256792,-0.037239,0.521029,0.000000,0.000000,10.053310,10.053310,-0.016029,10.000000
7.227000,2,0.255966,-0.035895,0.521034,0.000000,0.000000,10.087646,10.087646,-0.016034,10.000000
7.237000,2,0.255163,-0.034530,0.521037,0.000000,0.000000,10.056044,10.056044,-0.016037,10.000000
7.247000,2,0.254383,-0.033139,0.521043,0.000000,0.000000,10.090770,10.090770,-0.016043,10.000000
7.257000,2,0.253626,-0.031730,0.521047,0.000000,0.000000,10.059090,10.059090,-0.016047,10.000000
7.267000,2,0.252893,-0.030297,0.521052,0.000000,0.000000,10.094233,10.094233,-0.016052,10.000000
7.277000,2,0.252182,-0.028848,0.521056,0.000000,0.000000,10.061696,10.061696,-0.016056,10.000000
7.287000,2,0.251497,-0.027377,0.521061,0.000000,0.000000,10.097164,10.097164,-0.016061,10.000000
7.297000,2,0.250833,-0.025892,0.521065,0.000000,0.000000,10.064792,10.064792,-0.016065,10.000000
7.307000,2,0.250195,-0.024388,0.521071,0.000000,0.000000,10.100637,10.100637,-0.016071,10.000000
7.317000,2,0.249579,-0.022873,0.521075,0.000000,0.000000,10.046030,10.046030,-0.016075,10.000000
7.327000,2,0.248988,-0.021340,0.521080,0.000000,0.000000,10.082039,10.082039,-0.016080,10.000000
7.337000,2,0.248420,-0.019798,0.521084,0.000000,0.000000,10.048980,10.048980,-0.016084,10.000000
7.347000,2,0.247878,-0.018241,0.521090,0.000000,0.000000,10.085321,10.085321,-0.016090,10.000000
7.357000,2,0.247359,-0.016677,0.521093,0.000000,0.000000,10.052589,10.052589,-0.016093,10.000000
7.367000,2,0.246866,-0.015101,0.521099,0.000000,0.000000,10.089177,10.089177,-0.016099,10.000000
7.377000,2,0.246396,-0.013519,0.521103,0.000000,0.000000,10.056674,10.056674,-0.016103,10.000000
7.387000,2,0.245953,-0.011928,0.521109,0.000000,0.000000,10.093508,10.093508,-0.016109,10.000000
7.397000,2,0.245533,-0.010334,0.521112,0.000000,0.000000,10.060760,10.060760,-0.016112,10.000000
7.407000,2,0.245141,-0.008732,0.521118,0.000000,0.000000,10.074628,10.074628,-0.016118,10.000000
7.417000,2,0.244772,-0.007130,0.521122,0.000000,0.000000,10.042180,10.042180,-0.016122,10.000000
7.427000,2,0.244431,-0.005522,0.521127,0.000000,0.000000,10.079420,10.079420,-0.016127,10.000000
7.437000,2,0.244114,-0.003916,0.521131,0.000000,0.000000,10.047522,10.047522,-0.016131,10.000000
7.447000,2,0.243825,-0.002306,0.521137,0.000000,0.000000,10.085027,10.085027,-0.016137,10.000000
7.457000,2,0.243560,-0.000700,0.521140,0.000000,0.000000,10.053585,10.053585,-0.016140,10.000000
7.467000,2,0.243324,0.000906,0.521146,0.000000,0.000000,10.091250,10.091250,-0.016146,10.000000
7.477000,2,0.243114,0.002507,0.521149,0.000000,0.000000,10.051753,10.051753,-0.016149,10.000000
7.487000,2,0.242932,0.004107,0.521155,0.000000,0.000000,10.090346,10.090346,-0.016155,10.000000
7.497000,2,0.242777,0.005699,0.521159,0.000000,0.000000,10.040808,10.040808,-0.016159,10.000000
7.507000,2,0.242650,0.007288,0.521164,0.000000,0.000000,10.078932,10.078932,-0.016164,10.000000
7.517000,2,0.242550,0.008868,0.521168,0.000000,0.000000,10.049726,10.049726,-0.016168,10.000000
7.527000,2,0.242480,0.010442,0.521173,0.000000,0.000000,10.088314,10.088314,-0.016173,10.000000
7.537000,2,0.242427,0.012003,0.521175,0.000000,0.000000,9.989329,9.989329,-0.016175,10.000000
7.547000,2,0.242385,0.013559,0.521174,0.000000,0.000000,10.029411,10.029411,-0.016174,10.000000
7.557000,2,0.242354,0.015099,0.521173,0.000000,0.000000,10.003938,10.003938,-0.016173,10.000000
7.567000,2,0.242335,0.016631,0.521173,0.000000,0.000000,10.043775,10.043775,-0.016173,10.000000
7.577000,2,0.242322,0.018147,0.521171,0.000000,0.000000,10.017235,10.017235,-0.016171,10.000000
7.587000,2,0.242318,0.019654,0.521169,0.000000,0.000000,10.055520,10.055520,-0.016169,10.000000
7.597000,2,0.242320,0.021143,0.521165,0.000000,0.000000,10.028821,10.028821,-0.016165,10.000000
7.607000,2,0.242329,0.022621,0.521162,0.000000,0.000000,10.065815,10.065815,-0.016162,10.000000
7.617000,2,0.242342,0.024081,0.521157,0.000000,0.000000,10.039056,10.039056,-0.016157,10.000000
7.627000,2,0.242362,0.025529,0.521153,0.000000,0.000000,10.074796,10.074796,-0.016153,10.000000
7.637000,2,0.242384,0.026956,0.521146,0.000000,0.000000,10.048066,10.048066,-0.016146,10.000000
7.647000,2,0.242413,0.028370,0.521141,0.000000,0.000000,10.082596,10.082596,-0.016141,10.000000
7.657000,2,0.242444,0.029762,0.521133,0.000000,0.000000,10.043147,10.043147,-0.016133,10.000000
7.667000,2,0.242480,0.031140,0.521127,0.000000,0.000000,10.076641,10.076641,-0.016127,10.000000
7.677000,2,0.242519,0.032495,0.521119,0.000000,0.000000,10.050144,10.050144,-0.016119,10.000000
7.687000,2,0.242567,0.033834,0.521113,0.000000,0.000000,10.081202,10.081202,-0.016113,10.000000
7.697000,2,0.242623,0.035151,0.521105,0.000000,0.000000,10.039485,10.039485,-0.016105,10.000000
7.707000,2,0.242692,0.036449,0.521098,0.000000,0.000000,10.070558,10.070558,-0.016098,10.000000
7.717000,2,0.242771,0.037722,0.521091,0.000000,0.000000,10.045018,10.045018,-0.016091,10.000000
7.727000,2,0.242864,0.038977,0.521085,0.000000,0.000000,10.075845,10.075845,-0.016085,10.000000
7.737000,2,0.242970,0.040205,0.521078,0.000000,0.000000,10.051415,10.051415,-0.016078,10.000000
7.747000,2,0.243092,0.041412,0.521072,0.000000,0.000000,10.070267,10.070267,-0.016072,10.000000
7.757000,2,0.243229,0.042592,0.521065,0.000000,0.000000,10.046989,10.046989,-0.016065,10.000000
7.767000,2,0.243384,0.043750,0.521060,0.000000,0.000000,10.077393,10.077393,-0.016060,10.000000
7.777000,2,0.243554,0.044879,0.521053,0.000000,0.000000,10.013174,10.013174,-0.016053,10.000000
7.787000,2,0.243742,0.045998,0.521048,0.000000,0.000000,10.043436,10.043436,-0.016048,10.000000
7.797000,2,0.243952,0.047064,0.521042,0.000000,0.000000,10.022669,10.022669,-0.016042,10.000000
7.807000,2,0.244182,0.048117,0.521037,0.000000,0.000000,10.052776,10.052776,-0.016037,10.000000
7.817000,2,0.244430,0.049138,0.521032,0.000000,0.000000,10.033242,10.033242,-0.016032,10.000000
7.827000,2,0.244702,0.050135,0.521027,0.000000,0.000000,10.063372,10.063372,-0.016027,10.000000
7.837000,2,0.244994,0.051101,0.521019,0.000000,0.000000,10.045261,10.045261,-0.016019,10.000000
7.847000,2,0.245311,0.052039,0.521014,0.000000,0.000000,10.075286,10.075286,-0.016014,10.000000
7.857000,2,0.245649,0.052945,0.521009,0.000000,0.000000,10.022364,10.022364,-0.016009,10.000000
7.867000,2,0.246013,0.053823,0.521005,0.000000,0.000000,10.052344,10.052344,-0.016005,10.000000
7.877000,2,0.246400,0.054669,0.521000,0.000000,0.000000,10.036777,10.036777,-0.016000,10.000000
7.887000,2,0.246813,0.055487,0.520996,0.000000,0.000000,10.066804,10.066804,-0.015996,10.000000
7.897000,2,0.247250,0.056270,0.520992,0.000000,0.000000,10.015404,10.015404,-0.015992,10.000000
7.907000,2,0.247715,0.057025,0.520988,0.000000,0.000000,10.045487,10.045487,-0.015988,10.000000
7.917000,2,0.248204,0.057746,0.520983,0.000000,0.000000,10.032667,10.032667,-0.015983,10.000000
7.927000,2,0.248722,0.058437,0.520980,0.000000,0.000000,10.062812,10.062812,-0.015980,10.000000
7.937000,2,0.249265,0.059093,0.520975,0.000000,0.000000,10.045999,10.045999,-0.015975,10.000000
7.947000,2,0.249837,0.059719,0.520972,0.000000,0.000000,10.003141,10.003141,-0.015972,10.000000
7.957000,2,0.250435,0.060310,0.520968,0.000000,0.000000,9.992967,9.992967,-0.015968,10.000000
7.967000,2,0.251063,0.060871,0.520965,0.000000,0.000000,10.023159,10.023159,-0.015965,10.000000
7.977000,2,0.251718,0.061396,0.520961,0.000000,0.000000,10.014485,10.014485,-0.015961,10.000000
7.987000,2,0.252403,0.061891,0.520957,0.000000,0.000000,10.044708,10.044708,-0.015957,10.000000
7.997000,2,0.253114,0.062349,0.520953,0.000000,0.000000,10.037356,10.037356,-0.015953,10.000000
8.007000,2,0.253855,0.062777,0.520950,0.000000,0.000000,10.067561,10.067561,-0.015950,10.000000
8.017000,2,0.254624,0.063167,0.520947,0.000000,0.000000,10.047330,10.047330,-0.015947,10.000000
8.027000,2,0.255423,0.063527,0.520944,0.000000,0.000000,10.044174,10.044174,-0.015944,10.000000
8.037000,2,0.256249,0.063850,0.520940,0.000000,0.000000,10.039410,10.039410,-0.015940,10.000000
8.047000,2,0.257105,0.064142,0.520937,0.000000,0.000000,10.069524,10.069524,-0.015937,10.000000
8.057000,2,0.257988,0.064398,0.520933,0.000000,0.000000,9.951066,9.951066,-0.015933,10.000000
8.067000,2,0.258902,0.064622,0.520931,0.000000,0.000000,9.981142,9.981142,-0.015931,10.000000
8.077000,2,0.259842,0.064810,0.520927,0.000000,0.000000,9.978850,9.978850,-0.015927,10.000000
8.087000,2,0.260812,0.064967,0.520924,0.000000,0.000000,10.008772,10.008772,-0.015924,10.000000
8.097000,2,0.261808,0.065087,0.520921,0.000000,0.000000,10.007559,10.007559,-0.015921,10.000000
8.107000,2,0.262833,0.065176,0.520918,0.000000,0.000000,10.037279,10.037279,-0.015918,10.000000
8.117000,2,0.263885,0.065228,0.520914,0.000000,0.000000,10.037098,10.037098,-0.015914,10.000000
8.127000,2,0.264964,0.065251,0.520912,0.000000,0.000000,10.068160,10.068160,-0.015912,10.000000
8.137000,2,0.266069,0.065256,0.520909,0.000000,0.000000,9.923393,9.923393,-0.015909,10.000000
8.147000,2,0.267200,0.065255,0.520909,0.000000,0.000000,9.955889,9.955889,-0.015909,10.000000
8.157000,2,0.268354,0.065247,0.520908,0.000000,0.000000,9.959480,9.959480,-0.015908,10.000000
8.167000,2,0.269534,0.065238,0.520908,0.000000,0.000000,9.991500,9.991500,-0.015908,10.000000
8.177000,2,0.270735,0.065224,0.520908,0.000000,0.000000,9.995285,9.995285,-0.015908,10.000000
8.187000,2,0.271963,0.065203,0.520908,0.000000,0.000000,10.026920,10.026920,-0.015908,10.000000
8.197000,2,0.273209,0.065189,0.520908,0.000000,0.000000,10.030970,10.030970,-0.015908,10.000000
8.207000,2,0.274480,0.065172,0.520909,0.000000,0.000000,10.062156,10.062156,-0.015909,10.000000
8.217000,2,0.275770,0.065151,0.520909,0.000000,0.000000,10.018850,10.018850,-0.015909,10.000000
8.227000,2,0.277084,0.065132,0.520910,0.000000,0.000000,10.049563,10.049563,-0.015910,10.000000
8.237000,2,0.278416,0.065108,0.520910,0.000000,0.000000,9.941398,9.941398,-0.015910,10.000000
8.247000,2,0.279771,0.065087,0.520908,0.000000,0.000000,9.971747,9.971747,-0.015908,10.000000
8.257000,2,0.281144,0.065062,0.520909,0.000000,0.000000,9.975483,9.975483,-0.015909,10.000000
8.267000,2,0.282537,0.065038,0.520910,0.000000,0.000000,10.004825,10.004825,-0.015910,10.000000
8.277000,2,0.283948,0.065009,0.520910,0.000000,0.000000,10.009446,10.009446,-0.015910,10.000000
8.287000,2,0.285378,0.064982,0.520911,0.000000,0.000000,10.038078,10.038078,-0.015911,10.000000
8.297000,2,0.286824,0.064951,0.520912,0.000000,0.000000,10.042403,10.042403,-0.015912,10.000000
8.307000,2,0.288288,0.064922,0.520913,0.000000,0.000000,10.062427,10.062427,-0.015913,10.000000
8.317000,2,0.289766,0.064888,0.520914,0.000000,0.000000,9.917467,9.917467,-0.015914,10.000000
8.327000,2,0.291263,0.064856,0.520916,0.000000,0.000000,9.945054,9.945054,-0.015916,10.000000
8.337000,2,0.292772,0.064819,0.520917,0.000000,0.000000,9.947526,9.947526,-0.015917,10.000000
8.347000,2,0.294297,0.064784,0.520918,0.000000,0.000000,9.974739,9.974739,-0.015918,10.000000
8.357000,2,0.295834,0.064745,0.520919,0.000000,0.000000,9.975768,9.975768,-0.015919,10.000000
8.367000,2,0.297386,0.064707,0.520921,0.000000,0.000000,10.002724,10.002724,-0.015921,10.000000
8.377000,2,0.298949,0.064672,0.520923,0.000000,0.000000,9.751171,9.751171,-0.015923,10.000000
8.387000,2,0.300515,0.064622,0.520928,0.000000,0.000000,10.079358,10.079358,-0.015928,10.000000
8.397000,2,0.302107,0.064582,0.520925,0.000000,0.000000,10.328577,10.328577,-0.015925,10.000000
8.407000,2,0.303703,0.064543,0.520927,0.000000,0.000000,10.056845,10.056845,-0.015927,10.000000
8.417000,2,0.305298,0.064488,0.520932,0.000000,0.000000,10.069602,10.069602,-0.015932,10.000000
8.427000,2,0.306917,0.064443,0.520929,0.000000,0.000000,10.451008,10.451008,-0.015929,10.000000
8.437000,2,0.308537,0.064399,0.520931,0.000000,0.000000,9.642433,9.642433,-0.015931,10.000000
8.447000,2,0.310155,0.064337,0.520937,0.000000,0.000000,9.968911,9.968911,-0.015937,10.000000
8.457000,2,0.311794,0.064284,0.520933,0.000000,0.000000,10.479180,10.479180,-0.015933,10.000000
8.467000,2,0.313432,0.064226,0.520935,0.000000,0.000000,9.662990,9.662990,-0.015935,10.000000
8.477000,2,0.315065,0.064143,0.520940,0.000000,0.000000,9.992248,9.992248,-0.015940,10.000000
8.487000,2,0.316717,0.064059,0.520936,0.000000,0.000000,10.028497,10.028497,-0.015936,10.000000
8.497000,2,0.318366,0.063963,0.520937,0.000000,0.000000,9.740440,9.740440,-0.015937,10.000000
8.507000,2,0.320013,0.063839,0.520936,0.000000,0.000000,10.205955,10.205955,-0.015936,10.000000
8.517000,2,0.321664,0.063702,0.520942,0.000000,0.000000,10.056496,10.056496,-0.015942,10.000000
8.527000,2,0.323318,0.063538,0.520935,0.000000,0.000000,9.874649,9.874649,-0.015935,10.000000
8.537000,2,0.324964,0.063351,0.520935,0.000000,0.000000,9.613101,9.613101,-0.015935,10.000000
8.547000,2,0.326612,0.063145,0.520942,0.000000,0.000000,9.738494,9.738494,-0.015942,10.000000
8.557000,2,0.328256,0.062900,0.520940,0.000000,0.000000,10.008512,10.008512,-0.015940,10.000000
8.567000,2,0.329905,0.062640,0.520939,0.000000,0.000000,9.727858,9.727858,-0.015939,10.000000
8.577000,2,0.331543,0.062340,0.520938,0.000000,0.000000,9.934679,9.934679,-0.015938,10.000000
8.587000,2,0.333176,0.062013,0.520938,0.000000,0.000000,9.670230,9.670230,-0.015938,10.000000
8.597000,2,0.334802,0.061645,0.520934,0.000000,0.000000,10.003615,10.003615,-0.015934,10.000000
8.607000,2,0.336424,0.061258,0.520934,0.000000,0.000000,10.002398,10.002398,-0.015934,10.000000
8.617000,2,0.338037,0.060827,0.520924,0.000000,0.000000,10.344575,10.344575,-0.015924,10.000000
8.627000,2,0.339647,0.060365,0.520922,0.000000,0.000000,10.143179,10.143179,-0.015922,10.000000
8.637000,2,0.341237,0.059863,0.520915,0.000000,0.000000,10.258986,10.258986,-0.015915,10.000000
8.647000,2,0.342813,0.059324,0.520919,0.000000,0.000000,10.106811,10.106811,-0.015919,10.000000
8.657000,2,0.344387,0.058757,0.520919,0.000000,0.000000,10.122868,10.122868,-0.015919,10.000000
8.667000,2,0.345939,0.058143,0.520916,0.000000,0.000000,10.222476,10.222476,-0.015916,10.000000
8.677000,2,0.347481,0.057495,0.520913,0.000000,0.000000,10.333961,10.333961,-0.015913,10.000000
8.687000,2,0.349006,0.056807,0.520907,0.000000,0.000000,10.006417,10.006417,-0.015907,10.000000
8.697000,2,0.350514,0.056088,0.520911,0.000000,0.000000,10.120920,10.120920,-0.015911,10.000000
8.707000,2,0.352006,0.055323,0.520900,0.000000,0.000000,10.274444,10.274444,-0.015900,10.000000
8.717000,2,0.353476,0.054520,0.520901,0.000000,0.000000,10.090725,10.090725,-0.015901,10.000000
8.727000,2,0.354934,0.053688,0.520899,0.000000,0.000000,10.081191,10.081191,-0.015899,10.000000
8.737000,2,0.356361,0.052811,0.520895,0.000000,0.000000,10.245272,10.245272,-0.015895,10.000000
